stem,reason,kept_as
Diffuse astrocytoma NOS temporal 001,duplicate image bytes (same lesion),T1 - Diffuse astrocytoma NOS temporal 001
Intraventricular ganglioglioma 002,duplicate image bytes (same lesion),Intraventricular ganglioglioma 001
Pilocytic astrocytoma ventricle 002,duplicate image bytes (same lesion),Pilocytic astrocytoma ventricle 001
Pilocytic astrocytoma ventricle 003,duplicate image bytes (same lesion),Pilocytic astrocytoma ventricle 001
"Supratentorial ependymoma temporal , ventricle 007",duplicate image bytes (same lesion),"Supratentorial ependymoma temporal , ventricle 006"
"T1 - Acoustic schwannoma cerebellopontine angle , trigeminal 007",duplicate image bytes (same lesion),"T1 - Acoustic schwannoma cerebellopontine angle , trigeminal 008"
"T1 - Acoustic schwannoma cerebellopontine angle , vestibular 001",duplicate image bytes (same lesion),"T1 - Acoustic schwannoma cerebellopontine angle , vestibular 002"
"T1 - Acoustic schwannoma cerebellopontine angle , vestibular 003",duplicate image bytes (same lesion),"T1 - Acoustic schwannoma cerebellopontine angle , vestibular 002"
T1 - Acoustic schwannoma ventricle 013,duplicate image bytes (same lesion),T1 - Acoustic schwannoma ventricle 014
T1 - Anaplastic astrocytoma (WHO grade III) of the septum pellucidum 001,duplicate image bytes (same lesion),T1 - Anaplastic astrocytoma (WHO grade III) of the septum pellucidum 002
T1 - Anaplastic astrocytoma - thalamic glioma posterior fossa 003,duplicate image bytes (same lesion),T1 - Anaplastic astrocytoma - thalamic glioma posterior fossa 004
T1 - Anaplastic astrocytoma - thalamic glioma posterior fossa 006,duplicate image bytes (same lesion),T1 - Anaplastic astrocytoma - thalamic glioma posterior fossa 005
T1 - Anaplastic astrocytoma - thalamic glioma posterior fossa 007,duplicate image bytes (same lesion),T1 - Anaplastic astrocytoma - thalamic glioma posterior fossa 008
T1 - Anaplastic astrocytoma - thalamic glioma posterior fossa 009,duplicate image bytes (same lesion),T1 - Anaplastic astrocytoma - thalamic glioma posterior fossa 008
T1 - Anaplastic astrocytoma - thalamic glioma posterior fossa 010,duplicate image bytes (same lesion),T1 - Anaplastic astrocytoma - thalamic glioma posterior fossa 011
T1 - Anaplastic astrocytoma NOS temporal 001,duplicate image bytes (same lesion),T1 - Anaplastic astrocytoma NOS temporal 003
T1 - Anaplastic astrocytoma NOS temporal 002,duplicate image bytes (same lesion),T1 - Anaplastic astrocytoma NOS temporal 003
"T1 - Anaplastic astrocytoma frontal , ventricle 010",duplicate image bytes (same lesion),"T1 - Anaplastic astrocytoma frontal , ventricle 012"
"T1 - Anaplastic astrocytoma frontal , ventricle 011",duplicate image bytes (same lesion),"T1 - Anaplastic astrocytoma frontal , ventricle 013"
"T1 - Astrocytoma frontal , falx 072",duplicate image bytes (same lesion),"T1 - Astrocytoma frontal , falx 073"
"T1 - Astrocytoma, IDH-mutant - grade 4 parietal , frontal 001",duplicate image bytes (same lesion),"T1 - Astrocytoma, IDH-mutant - grade 4 parietal , frontal 002"
T1 - Bifocal germinoma pineal 012,duplicate image bytes (same lesion),T1 - Bifocal germinoma pineal 008
"T1 - Bifocal germinoma suprasellar , ventricle 001",duplicate image bytes (same lesion),"T1 - Bifocal germinoma suprasellar , ventricle 010"
"T1 - Bifocal germinoma suprasellar , ventricle 008",duplicate image bytes (same lesion),"T1 - Bifocal germinoma suprasellar , ventricle 003"
"T1 - Bifocal germinoma suprasellar , ventricle 009",duplicate image bytes (same lesion),"T1 - Bifocal germinoma suprasellar , ventricle 002"
T1 - Central neurocytoma ventricle 080,duplicate image bytes (same lesion),T1 - Central neurocytoma ventricle 079
T1 - Central neurocytoma ventricle 082,duplicate image bytes (same lesion),T1 - Central neurocytoma ventricle 081
T1 - Central neurocytoma ventricle 084,duplicate image bytes (same lesion),T1 - Central neurocytoma ventricle 083
T1 - Central neurocytoma ventricle 086,duplicate image bytes (same lesion),T1 - Central neurocytoma ventricle 085
T1 - Central neurocytoma ventricle 087,duplicate image bytes (same lesion),T1 - Central neurocytoma ventricle 085
T1 - Central neurocytoma ventricle 089,duplicate image bytes (same lesion),T1 - Central neurocytoma ventricle 088
T1 - Central neurocytoma ventricle 090,duplicate image bytes (same lesion),T1 - Central neurocytoma ventricle 091
T1 - Central neurocytoma ventricle 092,duplicate image bytes (same lesion),T1 - Central neurocytoma ventricle 091
T1 - Cerebellopontine angle meningioma clivus 006,duplicate image bytes (same lesion),T1 - Cerebellopontine angle meningioma clivus 007
T1 - Chordoid meningioma 002,duplicate image bytes (same lesion),T1 - Chordoid meningioma 001
T1 - Chordoid meningioma 003,duplicate image bytes (same lesion),T1 - Chordoid meningioma 001
"T1 - Diffuse astrocytoma NOS (corpus callosum) tentorial , frontal 002",duplicate image bytes (same lesion),"T1 - Diffuse astrocytoma NOS (corpus callosum) tentorial , frontal 001"
"T1 - Diffuse astrocytoma NOS (corpus callosum) tentorial , frontal 005",duplicate image bytes (same lesion),"T1 - Diffuse astrocytoma NOS (corpus callosum) tentorial , frontal 006"
T1 - Diffuse astrocytoma NOS (protoplasmic) frontal 034,duplicate image bytes (same lesion),T1 - Diffuse astrocytoma NOS (protoplasmic) frontal 033
"T1 - Diffuse astrocytoma NOS (protoplasmic) temporal , frontal 001",duplicate image bytes (same lesion),"T1 - Diffuse astrocytoma NOS (protoplasmic) temporal , frontal 003"
"T1 - Diffuse astrocytoma NOS (protoplasmic) temporal , frontal 002",duplicate image bytes (same lesion),"T1 - Diffuse astrocytoma NOS (protoplasmic) temporal , frontal 003"
T1 - Diffuse astrocytoma NOS 001,duplicate image bytes (same lesion),T1 - Diffuse astrocytoma NOS 002
T1 - Diffuse astrocytoma NOS temporal 002,duplicate image bytes (same lesion),T1 - Diffuse astrocytoma NOS temporal 003
T1 - Diffuse astrocytoma NOS temporal 004,duplicate image bytes (same lesion),T1 - Diffuse astrocytoma NOS temporal 005
T1 - Diffuse astrocytoma NOS temporal 007,duplicate image bytes (same lesion),T1 - Diffuse astrocytoma NOS temporal 008
T1 - Diffuse astrocytoma NOS temporal 009,duplicate image bytes (same lesion),T1 - Diffuse astrocytoma NOS temporal 011
T1 - Diffuse astrocytoma NOS temporal 010,duplicate image bytes (same lesion),T1 - Diffuse astrocytoma NOS temporal 011
"T1 - Diffuse astrocytoma frontal , temporal 036",duplicate image bytes (same lesion),"T1 - Diffuse astrocytoma frontal , temporal 040"
"T1 - Diffuse astrocytoma frontal , temporal 037",duplicate image bytes (same lesion),"T1 - Diffuse astrocytoma frontal , temporal 041"
"T1 - Diffuse astrocytoma frontal , temporal 038",duplicate image bytes (same lesion),"T1 - Diffuse astrocytoma frontal , temporal 034"
"T1 - Diffuse astrocytoma frontal , temporal 039",duplicate image bytes (same lesion),"T1 - Diffuse astrocytoma frontal , temporal 035"
T1 - Diffuse low grade astrocytoma frontal 008,duplicate image bytes (same lesion),T1 - Diffuse low grade astrocytoma frontal 007
T1 - Diffuse low grade astrocytoma frontal 010,duplicate image bytes (same lesion),T1 - Diffuse low grade astrocytoma frontal 009
"T1 - Dysembryoplastic neuroepithelial tumor (DNET) - cerebellum falx , ventricle 005",duplicate image bytes (same lesion),"T1 - Dysembryoplastic neuroepithelial tumor (DNET) - cerebellum falx , ventricle 004"
T1 - Dysembryoplastic neuroepithelial tumor (DNET) 013,duplicate image bytes (same lesion),T1 - Dysembryoplastic neuroepithelial tumor (DNET) 012
T1 - Dysembryoplastic neuroepithelial tumor (DNET) 014,duplicate image bytes (same lesion),T1 - Dysembryoplastic neuroepithelial tumor (DNET) 012
T1 - Dysembryoplastic neuroepithelial tumor (DNET) 015,duplicate image bytes (same lesion),T1 - Dysembryoplastic neuroepithelial tumor (DNET) 016
"T1 - Dysembryoplastic neuroepithelial tumor (DNET) frontal , anterior cranial fossa 002",duplicate image bytes (same lesion),"T1 - Dysembryoplastic neuroepithelial tumor (DNET) frontal , anterior cranial fossa 001"
"T1 - Dysembryoplastic neuroepithelial tumor (DNET) frontal , anterior cranial fossa 003",duplicate image bytes (same lesion),"T1 - Dysembryoplastic neuroepithelial tumor (DNET) frontal , anterior cranial fossa 004"
T1 - Dysembryoplastic neuroepithelial tumor (DNET) frontal 001,duplicate image bytes (same lesion),T1 - Dysembryoplastic neuroepithelial tumor (DNET) frontal 002
T1 - Dysembryoplastic neuroepithelial tumor (DNET) frontal 004,duplicate image bytes (same lesion),T1 - Dysembryoplastic neuroepithelial tumor (DNET) frontal 003
T1 - Dysembryoplastic neuroepithelial tumor (DNET) temporal 019,duplicate image bytes (same lesion),T1 - Dysembryoplastic neuroepithelial tumor (DNET) temporal 018
T1 - Dysembryoplastic neuroepithelial tumor (DNET) temporal 021,duplicate image bytes (same lesion),T1 - Dysembryoplastic neuroepithelial tumor (DNET) temporal 020
T1 - Dysembryoplastic neuroepithelial tumor (DNET) temporal 029,duplicate image bytes (same lesion),T1 - Dysembryoplastic neuroepithelial tumor (DNET) temporal 028
T1 - Dysembryoplastic neuroepithelial tumor (DNET) temporal 030,duplicate image bytes (same lesion),T1 - Dysembryoplastic neuroepithelial tumor (DNET) temporal 031
T1 - Dysembryoplastic neuroepithelial tumor (DNET) temporal 046,duplicate image bytes (same lesion),T1 - Dysembryoplastic neuroepithelial tumor (DNET) temporal 047
T1 - Dysembryoplastic neuroepithelial tumor (DNET) temporal 049,duplicate image bytes (same lesion),T1 - Dysembryoplastic neuroepithelial tumor (DNET) temporal 048
T1 - Dysembryoplastic neuroepithelial tumor temporal 005,duplicate image bytes (same lesion),T1 - Dysembryoplastic neuroepithelial tumor temporal 004
T1 - Ganglioglioma - occipital lobe occipital 002,duplicate image bytes (same lesion),T1 - Ganglioglioma - occipital lobe occipital 001
T1 - Ganglioglioma occipital 001,duplicate image bytes (same lesion),T1 - Ganglioglioma occipital 002
T1 - Ganglioglioma temporal 013,duplicate image bytes (same lesion),T1 - Ganglioglioma temporal 012
T1 - Ganglioglioma temporal 021,duplicate image bytes (same lesion),T1 - Ganglioglioma temporal 020
T1 - Ganglioglioma temporal 022,duplicate image bytes (same lesion),T1 - Ganglioglioma temporal 014
T1 - Ganglioglioma temporal 023,duplicate image bytes (same lesion),T1 - Ganglioglioma temporal 015
T1 - Ganglioglioma temporal 024,duplicate image bytes (same lesion),T1 - Ganglioglioma temporal 014
"T1 - Gemistocytic astrocytoma (anaplastic) frontal , ventricle 012",duplicate image bytes (same lesion),"T1 - Gemistocytic astrocytoma (anaplastic) frontal , ventricle 013"
"T1 - Gemistocytic astrocytoma (anaplastic) frontal , ventricle 017",duplicate image bytes (same lesion),"T1 - Gemistocytic astrocytoma (anaplastic) frontal , ventricle 015"
"T1 - Glioblastoma NOS parietal , temporal 002",duplicate image bytes (same lesion),"T1 - Glioblastoma NOS parietal , temporal 011"
"T1 - Glioblastoma NOS parietal , temporal 003",duplicate image bytes (same lesion),"T1 - Glioblastoma NOS parietal , temporal 011"
"T1 - Glioblastoma NOS parietal , temporal 004",duplicate image bytes (same lesion),"T1 - Glioblastoma NOS parietal , temporal 005"
"T1 - Glioblastoma NOS parietal , temporal 007",duplicate image bytes (same lesion),"T1 - Glioblastoma NOS parietal , temporal 013"
"T1 - Glioblastoma NOS parietal , temporal 009",duplicate image bytes (same lesion),"T1 - Glioblastoma NOS parietal , temporal 015"
"T1 - Glioblastoma NOS parietal , temporal 010",duplicate image bytes (same lesion),"T1 - Glioblastoma NOS parietal , temporal 001"
"T1 - Glioblastoma NOS parietal , temporal 012",duplicate image bytes (same lesion),"T1 - Glioblastoma NOS parietal , temporal 005"
"T1 - Glioblastoma NOS parietal , temporal 014",duplicate image bytes (same lesion),"T1 - Glioblastoma NOS parietal , temporal 008"
T1 - Glioblastoma NOS parietal 002,duplicate image bytes (same lesion),T1 - Glioblastoma NOS parietal 001
T1 - Glioblastoma NOS parietal 003,duplicate image bytes (same lesion),T1 - Glioblastoma NOS parietal 001
T1 - Glioblastoma NOS temporal 009,duplicate image bytes (same lesion),T1 - Glioblastoma NOS temporal 008
T1 - Glioblastoma NOS ventricle 005,duplicate image bytes (same lesion),T1 - Glioblastoma NOS ventricle 004
"T1 - Glioblastoma temporal , frontal 006",duplicate image bytes (same lesion),"T1 - Glioblastoma temporal , frontal 005"
"T1 - Glioblastoma temporal , frontal 007",duplicate image bytes (same lesion),"T1 - Glioblastoma temporal , frontal 008"
"T1 - Glioblastoma temporal , frontal 010",duplicate image bytes (same lesion),"T1 - Glioblastoma temporal , frontal 009"
"T1 - Glioblastoma temporal , frontal 011",duplicate image bytes (same lesion),"T1 - Glioblastoma temporal , frontal 009"
T1 - Glioblastoma temporal 008,duplicate image bytes (same lesion),T1 - Glioblastoma temporal 007
T1 - Glioblastoma temporal 009,duplicate image bytes (same lesion),T1 - Glioblastoma temporal 010
T1 - Glioblastoma temporal 013,duplicate image bytes (same lesion),T1 - Glioblastoma temporal 014
T1 - Glioblastoma temporal 015,duplicate image bytes (same lesion),T1 - Glioblastoma temporal 016
T1 - Glioblastoma temporal 018,duplicate image bytes (same lesion),T1 - Glioblastoma temporal 017
T1 - Glioblastoma temporal 019,duplicate image bytes (same lesion),T1 - Glioblastoma temporal 020
T1 - Intracranial multifocal germinoma 003,duplicate image bytes (same lesion),T1 - Intracranial multifocal germinoma 008
T1 - Intracranial multifocal germinoma 004,duplicate image bytes (same lesion),T1 - Intracranial multifocal germinoma 005
T1 - Intracranial multifocal germinoma 007,duplicate image bytes (same lesion),T1 - Intracranial multifocal germinoma 008
T1 - Intracranial multifocal germinoma 009,duplicate image bytes (same lesion),T1 - Intracranial multifocal germinoma 002
"T1 - Intraventricular meningioma ventricle , parietal 020",duplicate image bytes (same lesion),"T1 - Intraventricular meningioma ventricle , parietal 022"
"T1 - Intraventricular meningioma ventricle , parietal 021",duplicate image bytes (same lesion),"T1 - Intraventricular meningioma ventricle , parietal 022"
T1 - Medulloblastoma 041,duplicate image bytes (same lesion),T1 - Medulloblastoma 040
"T1 - Medulloblastoma posterior fossa , ventricle 024",duplicate image bytes (same lesion),"T1 - Medulloblastoma posterior fossa , ventricle 023"
"T1 - Medulloblastoma posterior fossa , ventricle 025",duplicate image bytes (same lesion),"T1 - Medulloblastoma posterior fossa , ventricle 023"
"T1 - Medulloblastoma posterior fossa , ventricle 059",duplicate image bytes (same lesion),"T1 - Medulloblastoma posterior fossa , ventricle 060"
T1 - Meningioma - microcystic frontal 001,duplicate image bytes (same lesion),T1 - Meningioma - microcystic frontal 003
T1 - Meningioma - volcano sign 016,duplicate image bytes (same lesion),T1 - Meningioma - volcano sign 017
T1 - Meningioma frontal 212,duplicate image bytes (same lesion),T1 - Meningioma frontal 213
T1 - Meningioma frontal 214,duplicate image bytes (same lesion),T1 - Meningioma frontal 213
T1 - Meningioma frontal 276,duplicate image bytes (same lesion),T1 - Meningioma frontal 275
"T1 - Meningioma mimicking vestibular schwannoma cerebellopontine angle , ventricle 006",duplicate image bytes (same lesion),"T1 - Meningioma mimicking vestibular schwannoma cerebellopontine angle , ventricle 005"
T1 - Meningioma temporal 004,duplicate image bytes (same lesion),T1 - Meningioma temporal 005
T1 - Meningioma temporal 006,duplicate image bytes (same lesion),T1 - Meningioma temporal 005
"T1 - Multicentric glioblastoma frontal , parietal 001",duplicate image bytes (same lesion),"T1 - Multicentric glioblastoma frontal , parietal 002"
"T1 - Multicentric glioblastoma frontal , parietal 003",duplicate image bytes (same lesion),"T1 - Multicentric glioblastoma frontal , parietal 004"
"T1 - Multicentric glioblastoma frontal , parietal 008",duplicate image bytes (same lesion),"T1 - Multicentric glioblastoma frontal , parietal 007"
"T1 - Multicentric glioblastoma parietal , ventricle 004",duplicate image bytes (same lesion),"T1 - Multicentric glioblastoma parietal , ventricle 005"
"T1 - Multicentric glioblastoma parietal , ventricle 011",duplicate image bytes (same lesion),"T1 - Multicentric glioblastoma parietal , ventricle 080"
"T1 - Multicentric glioblastoma parietal , ventricle 012",duplicate image bytes (same lesion),"T1 - Multicentric glioblastoma parietal , ventricle 079"
"T1 - Multicentric glioblastoma parietal , ventricle 013",duplicate image bytes (same lesion),"T1 - Multicentric glioblastoma parietal , ventricle 078"
"T1 - Multicentric glioblastoma parietal , ventricle 014",duplicate image bytes (same lesion),"T1 - Multicentric glioblastoma parietal , ventricle 077"
"T1 - Multicentric glioblastoma parietal , ventricle 015",duplicate image bytes (same lesion),"T1 - Multicentric glioblastoma parietal , ventricle 076"
"T1 - Multicentric glioblastoma parietal , ventricle 016",duplicate image bytes (same lesion),"T1 - Multicentric glioblastoma parietal , ventricle 076"
"T1 - Multicentric glioblastoma parietal , ventricle 017",duplicate image bytes (same lesion),"T1 - Multicentric glioblastoma parietal , ventricle 075"
"T1 - Multicentric glioblastoma parietal , ventricle 018",duplicate image bytes (same lesion),"T1 - Multicentric glioblastoma parietal , ventricle 074"
"T1 - Multicentric glioblastoma parietal , ventricle 019",duplicate image bytes (same lesion),"T1 - Multicentric glioblastoma parietal , ventricle 073"
"T1 - Multicentric glioblastoma parietal , ventricle 020",duplicate image bytes (same lesion),"T1 - Multicentric glioblastoma parietal , ventricle 072"
"T1 - Multicentric glioblastoma parietal , ventricle 021",duplicate image bytes (same lesion),"T1 - Multicentric glioblastoma parietal , ventricle 071"
"T1 - Multicentric glioblastoma parietal , ventricle 022",duplicate image bytes (same lesion),"T1 - Multicentric glioblastoma parietal , ventricle 070"
"T1 - Multicentric glioblastoma parietal , ventricle 023",duplicate image bytes (same lesion),"T1 - Multicentric glioblastoma parietal , ventricle 069"
"T1 - Multicentric glioblastoma parietal , ventricle 025",duplicate image bytes (same lesion),"T1 - Multicentric glioblastoma parietal , ventricle 067"
"T1 - Multicentric glioblastoma parietal , ventricle 026",duplicate image bytes (same lesion),"T1 - Multicentric glioblastoma parietal , ventricle 066"
"T1 - Multicentric glioblastoma parietal , ventricle 027",duplicate image bytes (same lesion),"T1 - Multicentric glioblastoma parietal , ventricle 065"
"T1 - Multicentric glioblastoma parietal , ventricle 028",duplicate image bytes (same lesion),"T1 - Multicentric glioblastoma parietal , ventricle 064"
"T1 - Multicentric glioblastoma parietal , ventricle 029",duplicate image bytes (same lesion),"T1 - Multicentric glioblastoma parietal , ventricle 063"
"T1 - Multicentric glioblastoma parietal , ventricle 030",duplicate image bytes (same lesion),"T1 - Multicentric glioblastoma parietal , ventricle 062"
"T1 - Multicentric glioblastoma parietal , ventricle 031",duplicate image bytes (same lesion),"T1 - Multicentric glioblastoma parietal , ventricle 061"
"T1 - Multicentric glioblastoma parietal , ventricle 032",duplicate image bytes (same lesion),"T1 - Multicentric glioblastoma parietal , ventricle 060"
"T1 - Multicentric glioblastoma parietal , ventricle 068",duplicate image bytes (same lesion),"T1 - Multicentric glioblastoma parietal , ventricle 024"
"T1 - Multicentric glioblastoma parietal , ventricle 081",duplicate image bytes (same lesion),"T1 - Multicentric glioblastoma parietal , ventricle 010"
"T1 - Multicentric glioblastoma parietal , ventricle 082",duplicate image bytes (same lesion),"T1 - Multicentric glioblastoma parietal , ventricle 009"
"T1 - Multicentric glioblastoma parietal , ventricle 083",duplicate image bytes (same lesion),"T1 - Multicentric glioblastoma parietal , ventricle 008"
"T1 - Multicompartmental trigeminal schwannoma middle cranial fossa , temporal 014",duplicate image bytes (same lesion),"T1 - Multicompartmental trigeminal schwannoma middle cranial fossa , temporal 013"
"T1 - Multicompartmental trigeminal schwannoma middle cranial fossa , temporal 015",duplicate image bytes (same lesion),"T1 - Multicompartmental trigeminal schwannoma middle cranial fossa , temporal 016"
"T1 - Multicompartmental trigeminal schwannoma middle cranial fossa , temporal 017",duplicate image bytes (same lesion),"T1 - Multicompartmental trigeminal schwannoma middle cranial fossa , temporal 018"
T1 - Olfactory groove meningioma anterior fossa 002,duplicate image bytes (same lesion),T1 - Olfactory groove meningioma anterior fossa 001
T1 - Oligodendroglioma NOS (grade 3) - hemorrhagic frontal 001,duplicate image bytes (same lesion),T1 - Oligodendroglioma NOS (grade 3) - hemorrhagic frontal 003
T1 - Oligodendroglioma NOS (grade 3) - hemorrhagic frontal 002,duplicate image bytes (same lesion),T1 - Oligodendroglioma NOS (grade 3) - hemorrhagic frontal 003
T1 - Oligodendroglioma NOS (grade 3) 001,duplicate image bytes (same lesion),T1 - Oligodendroglioma NOS (grade 3) 002
T1 - Oligodendroglioma NOS (grade 3) frontal 010,duplicate image bytes (same lesion),T1 - Oligodendroglioma NOS (grade 3) frontal 009
T1 - Oligodendroglioma NOS parietal 004,duplicate image bytes (same lesion),T1 - Oligodendroglioma NOS parietal 003
T1 - Oligodendroglioma NOS parietal 005,duplicate image bytes (same lesion),T1 - Oligodendroglioma NOS parietal 003
T1 - Oligodendroglioma NOS temporal 002,duplicate image bytes (same lesion),T1 - Oligodendroglioma NOS temporal 003
T1 - Oligodendroglioma NOS temporal 005,duplicate image bytes (same lesion),T1 - Oligodendroglioma NOS temporal 004
T1 - Oligodendroglioma falx 013,duplicate image bytes (same lesion),T1 - Oligodendroglioma falx 014
T1 - Oligodendroglioma frontal 196,duplicate image bytes (same lesion),T1 - Oligodendroglioma frontal 267
T1 - Oligodendroglioma frontal 198,duplicate image bytes (same lesion),T1 - Oligodendroglioma frontal 264
T1 - Oligodendroglioma frontal 200,duplicate image bytes (same lesion),T1 - Oligodendroglioma frontal 261
T1 - Oligodendroglioma frontal 204,duplicate image bytes (same lesion),T1 - Oligodendroglioma frontal 255
T1 - Oligodendroglioma frontal 206,duplicate image bytes (same lesion),T1 - Oligodendroglioma frontal 252
T1 - Oligodendroglioma frontal 246,duplicate image bytes (same lesion),T1 - Oligodendroglioma frontal 210
T1 - Oligodendroglioma frontal 249,duplicate image bytes (same lesion),T1 - Oligodendroglioma frontal 208
T1 - Oligodendroglioma frontal 258,duplicate image bytes (same lesion),T1 - Oligodendroglioma frontal 202
"T1 - Oligodendroglioma parietal , temporal 005",duplicate image bytes (same lesion),"T1 - Oligodendroglioma parietal , temporal 006"
T1 - Parinaud syndrome - pineal germinoma pineal 003,duplicate image bytes (same lesion),T1 - Parinaud syndrome - pineal germinoma pineal 002
T1 - Parinaud syndrome - pineal germinoma pineal 005,duplicate image bytes (same lesion),T1 - Parinaud syndrome - pineal germinoma pineal 004
T1 - Periventricular CNS germinoma ventricle 004,duplicate image bytes (same lesion),T1 - Periventricular CNS germinoma ventricle 003
"T1 - Pilocytic astrocytoma - suprasellar suprasellar , ventricle 010",duplicate image bytes (same lesion),"T1 - Pilocytic astrocytoma - suprasellar suprasellar , ventricle 009"
"T1 - Pilocytic astrocytoma - suprasellar suprasellar , ventricle 011",duplicate image bytes (same lesion),"T1 - Pilocytic astrocytoma - suprasellar suprasellar , ventricle 009"
"T1 - Pilocytic astrocytoma posterior fossa , frontal 010",duplicate image bytes (same lesion),"T1 - Pilocytic astrocytoma posterior fossa , frontal 011"
"T1 - Pilocytic astrocytoma posterior fossa , ventricle 042",duplicate image bytes (same lesion),"T1 - Pilocytic astrocytoma posterior fossa , ventricle 044"
"T1 - Pilocytic astrocytoma posterior fossa , ventricle 043",duplicate image bytes (same lesion),"T1 - Pilocytic astrocytoma posterior fossa , ventricle 044"
"T1 - Pilocytic astrocytoma posterior fossa , ventricle 069",duplicate image bytes (same lesion),"T1 - Pilocytic astrocytoma posterior fossa , ventricle 068"
"T1 - Pilocytic astrocytoma ventricle , brainstem 059",duplicate image bytes (same lesion),"T1 - Pilocytic astrocytoma ventricle , brainstem 060"
T1 - Pilocytic astrocytoma ventricle 063,duplicate image bytes (same lesion),T1 - Pilocytic astrocytoma ventricle 062
T1 - Pineal germinoma pineal 015,duplicate image bytes (same lesion),T1 - Pineal germinoma pineal 016
"T1 - Pineal germinoma with diffuse subependymal tumor spread pineal , frontal 002",duplicate image bytes (same lesion),"T1 - Pineal germinoma with diffuse subependymal tumor spread pineal , frontal 001"
T1 - Posterior fossa meningioma infratentorial 001,duplicate image bytes (same lesion),T1 - Posterior fossa meningioma infratentorial 003
T1 - Solitary fibrous tumor (hemangiopericytoma) 054,duplicate image bytes (same lesion),T1 - Solitary fibrous tumor (hemangiopericytoma) 052
T1 - Solitary fibrous tumor (hemangiopericytoma) 055,duplicate image bytes (same lesion),T1 - Solitary fibrous tumor (hemangiopericytoma) 056
T1 - Solitary fibrous tumor (hemangiopericytoma) falx 114,duplicate image bytes (same lesion),T1 - Solitary fibrous tumor (hemangiopericytoma) falx 119
T1 - Solitary fibrous tumor (hemangiopericytoma) falx 115,duplicate image bytes (same lesion),T1 - Solitary fibrous tumor (hemangiopericytoma) falx 120
T1 - Solitary fibrous tumor (hemangiopericytoma) falx 116,duplicate image bytes (same lesion),T1 - Solitary fibrous tumor (hemangiopericytoma) falx 121
T1 - Solitary fibrous tumor (hemangiopericytoma) falx 117,duplicate image bytes (same lesion),T1 - Solitary fibrous tumor (hemangiopericytoma) falx 123
T1 - Solitary fibrous tumor (hemangiopericytoma) falx 118,duplicate image bytes (same lesion),T1 - Solitary fibrous tumor (hemangiopericytoma) falx 125
T1 - Solitary fibrous tumor (hemangiopericytoma) falx 122,duplicate image bytes (same lesion),T1 - Solitary fibrous tumor (hemangiopericytoma) falx 123
T1 - Solitary fibrous tumor (hemangiopericytoma) falx 124,duplicate image bytes (same lesion),T1 - Solitary fibrous tumor (hemangiopericytoma) falx 125
"T1 - Solitary fibrous tumor of the dura parietal , temporal 033",duplicate image bytes (same lesion),"T1 - Solitary fibrous tumor of the dura parietal , temporal 032"
"T1 - Solitary fibrous tumor of the dura parietal , temporal 034",duplicate image bytes (same lesion),"T1 - Solitary fibrous tumor of the dura parietal , temporal 035"
"T1 - Suprasellar meningioma suprasellar , cavernous sinus 009",duplicate image bytes (same lesion),"T1 - Suprasellar meningioma suprasellar , cavernous sinus 012"
"T1 - Suprasellar meningioma suprasellar , cavernous sinus 011",duplicate image bytes (same lesion),"T1 - Suprasellar meningioma suprasellar , cavernous sinus 010"
T1 - Supratentorial ependymoma frontal 043,duplicate image bytes (same lesion),T1 - Supratentorial ependymoma frontal 044
T1 - Supratentorial ependymoma frontal 045,duplicate image bytes (same lesion),T1 - Supratentorial ependymoma frontal 046
T1 - Supratentorial ependymoma frontal 047,duplicate image bytes (same lesion),T1 - Supratentorial ependymoma frontal 048
T1 - Supratentorial ependymoma frontal 049,duplicate image bytes (same lesion),T1 - Supratentorial ependymoma frontal 048
T1 - Supratentorial ependymoma frontal 051,duplicate image bytes (same lesion),T1 - Supratentorial ependymoma frontal 052
T1 - Supratentorial ependymoma frontal 053,duplicate image bytes (same lesion),T1 - Supratentorial ependymoma frontal 054
T1 - Supratentorial ependymoma frontal 056,duplicate image bytes (same lesion),T1 - Supratentorial ependymoma frontal 058
T1 - Supratentorial ependymoma frontal 057,duplicate image bytes (same lesion),T1 - Supratentorial ependymoma frontal 058
T1 - Supratentorial ependymoma frontal 061,duplicate image bytes (same lesion),T1 - Supratentorial ependymoma frontal 060
T1 - Supratentorial ependymoma frontal 063,duplicate image bytes (same lesion),T1 - Supratentorial ependymoma frontal 064
"T1 - Tentorial meningioma posterior fossa , tentorium cerebelli 002",duplicate image bytes (same lesion),"T1 - Tentorial meningioma posterior fossa , tentorium cerebelli 001"
T1 - Trigeminal schwannoma 006,duplicate image bytes (same lesion),T1 - Trigeminal schwannoma 007
T1 - Trigeminal schwannoma 012,duplicate image bytes (same lesion),T1 - Trigeminal schwannoma 001
"T1 - Trigeminal schwannoma cerebellopontine angle , trigeminal 012",duplicate image bytes (same lesion),"T1 - Trigeminal schwannoma cerebellopontine angle , trigeminal 013"
"T1 - Trigeminal schwannoma cerebellopontine angle , trigeminal 014",duplicate image bytes (same lesion),"T1 - Trigeminal schwannoma cerebellopontine angle , trigeminal 015"
"T1 - Trigeminal schwannoma cerebellopontine angle , trigeminal 017",duplicate image bytes (same lesion),"T1 - Trigeminal schwannoma cerebellopontine angle , trigeminal 016"
"T1 - Trigeminal schwannoma cerebellopontine angle , trigeminal 018",duplicate image bytes (same lesion),"T1 - Trigeminal schwannoma cerebellopontine angle , trigeminal 016"
"T1 - Trigeminal schwannoma cerebellopontine angle , trigeminal 019",duplicate image bytes (same lesion),"T1 - Trigeminal schwannoma cerebellopontine angle , trigeminal 021"
"T1 - Trigeminal schwannoma cerebellopontine angle , trigeminal 020",duplicate image bytes (same lesion),"T1 - Trigeminal schwannoma cerebellopontine angle , trigeminal 021"
"T1 - Trigeminal schwannoma cerebellopontine angle , trigeminal 023",duplicate image bytes (same lesion),"T1 - Trigeminal schwannoma cerebellopontine angle , trigeminal 022"
"T1 - Trigeminal schwannoma recurrent  residual occipital , cavernous sinus 002",duplicate image bytes (same lesion),"T1 - Trigeminal schwannoma recurrent  residual occipital , cavernous sinus 001"
"T1 - Trigeminal schwannoma trigeminal , cerebellopontine angle 019",duplicate image bytes (same lesion),"T1 - Trigeminal schwannoma trigeminal , cerebellopontine angle 018"
"T1 - Trigeminal schwannoma trigeminal , cerebellopontine angle 020",duplicate image bytes (same lesion),"T1 - Trigeminal schwannoma trigeminal , cerebellopontine angle 022"
"T1 - Trigeminal schwannoma trigeminal , cerebellopontine angle 021",duplicate image bytes (same lesion),"T1 - Trigeminal schwannoma trigeminal , cerebellopontine angle 022"
"T1 - Trigeminal schwannoma trigeminal , cerebellopontine angle 024",duplicate image bytes (same lesion),"T1 - Trigeminal schwannoma trigeminal , cerebellopontine angle 023"
"T1 - Trigeminal schwannoma trigeminal , cerebellopontine angle 025",duplicate image bytes (same lesion),"T1 - Trigeminal schwannoma trigeminal , cerebellopontine angle 023"
"T1 - Trigeminal schwannoma trigeminal , cerebellopontine angle 026",duplicate image bytes (same lesion),"T1 - Trigeminal schwannoma trigeminal , cerebellopontine angle 027"
T1 - Trigeminal schwannoma ventricle 128,duplicate image bytes (same lesion),T1 - Trigeminal schwannoma ventricle 176
T1 - Trigeminal schwannoma ventricle 131,duplicate image bytes (same lesion),T1 - Trigeminal schwannoma ventricle 173
T1 - Trigeminal schwannoma ventricle 132,duplicate image bytes (same lesion),T1 - Trigeminal schwannoma ventricle 172
T1 - Trigeminal schwannoma ventricle 133,duplicate image bytes (same lesion),T1 - Trigeminal schwannoma ventricle 171
T1 - Trigeminal schwannoma ventricle 134,duplicate image bytes (same lesion),T1 - Trigeminal schwannoma ventricle 170
T1 - Trigeminal schwannoma ventricle 135,duplicate image bytes (same lesion),T1 - Trigeminal schwannoma ventricle 169
T1 - Trigeminal schwannoma ventricle 139,duplicate image bytes (same lesion),T1 - Trigeminal schwannoma ventricle 165
T1 - Trigeminal schwannoma ventricle 142,duplicate image bytes (same lesion),T1 - Trigeminal schwannoma ventricle 162
T1 - Trigeminal schwannoma ventricle 153,duplicate image bytes (same lesion),T1 - Trigeminal schwannoma ventricle 151
T1 - Trigeminal schwannoma ventricle 154,duplicate image bytes (same lesion),T1 - Trigeminal schwannoma ventricle 150
T1 - Trigeminal schwannoma ventricle 155,duplicate image bytes (same lesion),T1 - Trigeminal schwannoma ventricle 149
T1 - Trigeminal schwannoma ventricle 156,duplicate image bytes (same lesion),T1 - Trigeminal schwannoma ventricle 148
T1 - Trigeminal schwannoma ventricle 157,duplicate image bytes (same lesion),T1 - Trigeminal schwannoma ventricle 147
T1 - Trigeminal schwannoma ventricle 158,duplicate image bytes (same lesion),T1 - Trigeminal schwannoma ventricle 146
T1 - Trigeminal schwannoma ventricle 159,duplicate image bytes (same lesion),T1 - Trigeminal schwannoma ventricle 145
T1 - Trigeminal schwannoma ventricle 160,duplicate image bytes (same lesion),T1 - Trigeminal schwannoma ventricle 144
T1 - Trigeminal schwannoma ventricle 161,duplicate image bytes (same lesion),T1 - Trigeminal schwannoma ventricle 143
T1 - Trigeminal schwannoma ventricle 163,duplicate image bytes (same lesion),T1 - Trigeminal schwannoma ventricle 141
T1 - Trigeminal schwannoma ventricle 164,duplicate image bytes (same lesion),T1 - Trigeminal schwannoma ventricle 140
T1 - Trigeminal schwannoma ventricle 166,duplicate image bytes (same lesion),T1 - Trigeminal schwannoma ventricle 138
T1 - Trigeminal schwannoma ventricle 167,duplicate image bytes (same lesion),T1 - Trigeminal schwannoma ventricle 137
T1 - Trigeminal schwannoma ventricle 168,duplicate image bytes (same lesion),T1 - Trigeminal schwannoma ventricle 136
T1 - Trigeminal schwannoma ventricle 174,duplicate image bytes (same lesion),T1 - Trigeminal schwannoma ventricle 130
T1 - Trigeminal schwannoma ventricle 175,duplicate image bytes (same lesion),T1 - Trigeminal schwannoma ventricle 129
T1 - Trigeminal schwannoma ventricle 177,duplicate image bytes (same lesion),T1 - Trigeminal schwannoma ventricle 127
T1 - Vestibular schwannoma 002,duplicate image bytes (same lesion),T1 - Vestibular schwannoma 001
T1 - Vestibular schwannoma 008,duplicate image bytes (same lesion),T1 - Vestibular schwannoma 009
"T1 - Vestibular schwannoma cerebellopontine angle , ventricle 019",duplicate image bytes (same lesion),"T1 - Vestibular schwannoma cerebellopontine angle , ventricle 018"
T1 - Vestibular schwannoma cerebellopontine angle 002,duplicate image bytes (same lesion),T1 - Vestibular schwannoma cerebellopontine angle 001
"T1 - Vestibular schwannoma intracanalicular , brainstem 001",duplicate image bytes (same lesion),"T1 - Vestibular schwannoma intracanalicular , brainstem 002"
"T1C+ - Acoustic schwannoma cerebellopontine angle , vestibular 002",duplicate image bytes (same lesion),"T1C+ - Acoustic schwannoma cerebellopontine angle , vestibular 001"
T1C+ - Anaplastic astrocytoma (WHO grade III) of the septum pellucidum 003,duplicate image bytes (same lesion),T1C+ - Anaplastic astrocytoma (WHO grade III) of the septum pellucidum 002
T1C+ - Anaplastic astrocytoma (WHO grade III) of the septum pellucidum 005,duplicate image bytes (same lesion),T1C+ - Anaplastic astrocytoma (WHO grade III) of the septum pellucidum 004
T1C+ - Anaplastic astrocytoma (WHO grade III) of the septum pellucidum 006,duplicate image bytes (same lesion),T1C+ - Anaplastic astrocytoma (WHO grade III) of the septum pellucidum 007
T1C+ - Anaplastic astrocytoma NOS temporal 002,duplicate image bytes (same lesion),T1C+ - Anaplastic astrocytoma NOS temporal 001
T1C+ - Anaplastic astrocytoma NOS temporal 003,duplicate image bytes (same lesion),T1C+ - Anaplastic astrocytoma NOS temporal 001
"T1C+ - Anaplastic astrocytoma frontal , ventricle 010",duplicate image bytes (same lesion),"T1C+ - Anaplastic astrocytoma frontal , ventricle 009"
"T1C+ - Anaplastic astrocytoma parietal , ventricle 036",duplicate image bytes (same lesion),"T1C+ - Anaplastic astrocytoma parietal , ventricle 037"
"T1C+ - Angiomatous meningioma falcine , parietal 089",duplicate image bytes (same lesion),"T1C+ - Angiomatous meningioma falcine , parietal 077"
"T1C+ - Angiomatous meningioma falcine , parietal 090",duplicate image bytes (same lesion),"T1C+ - Angiomatous meningioma falcine , parietal 075"
"T1C+ - Angiomatous meningioma falcine , parietal 091",duplicate image bytes (same lesion),"T1C+ - Angiomatous meningioma falcine , parietal 074"
"T1C+ - Astrocytoma frontal , falx 062",duplicate image bytes (same lesion),"T1C+ - Astrocytoma frontal , falx 063"
"T1C+ - Astrocytoma, IDH-mutant - grade 4 parietal , frontal 004",duplicate image bytes (same lesion),"T1C+ - Astrocytoma, IDH-mutant - grade 4 parietal , frontal 005"
"T1C+ - Astrocytoma, IDH-mutant - grade 4 parietal , frontal 016",duplicate image bytes (same lesion),"T1C+ - Astrocytoma, IDH-mutant - grade 4 parietal , frontal 018"
T1C+ - Central neurocytoma frontal 014,duplicate image bytes (same lesion),T1C+ - Central neurocytoma frontal 013
"T1C+ - Central neurocytoma intraventricular , ventricle 009",duplicate image bytes (same lesion),"T1C+ - Central neurocytoma intraventricular , ventricle 008"
T1C+ - Central neurocytoma ventricle 146,duplicate image bytes (same lesion),T1C+ - Central neurocytoma ventricle 145
T1C+ - Central neurocytoma ventricle 148,duplicate image bytes (same lesion),T1C+ - Central neurocytoma ventricle 147
T1C+ - Central neurocytoma ventricle 150,duplicate image bytes (same lesion),T1C+ - Central neurocytoma ventricle 149
T1C+ - Central neurocytoma ventricle 151,duplicate image bytes (same lesion),T1C+ - Central neurocytoma ventricle 152
T1C+ - Central neurocytoma ventricle 154,duplicate image bytes (same lesion),T1C+ - Central neurocytoma ventricle 153
T1C+ - Central neurocytoma ventricle 189,duplicate image bytes (same lesion),T1C+ - Central neurocytoma ventricle 191
T1C+ - Chordoid meningioma 001,duplicate image bytes (same lesion),T1C+ - Chordoid meningioma 003
T1C+ - Chordoid meningioma 002,duplicate image bytes (same lesion),T1C+ - Chordoid meningioma 003
T1C+ - Chordoid meningioma 004,duplicate image bytes (same lesion),T1C+ - Chordoid meningioma 003
T1C+ - Diffuse astrocytoma IDH-mutant parietal 003,duplicate image bytes (same lesion),T1C+ - Diffuse astrocytoma IDH-mutant parietal 004
T1C+ - Diffuse astrocytoma IDH-mutant parietal 008,duplicate image bytes (same lesion),T1C+ - Diffuse astrocytoma IDH-mutant parietal 007
T1C+ - Diffuse astrocytoma IDH-mutant parietal 012,duplicate image bytes (same lesion),T1C+ - Diffuse astrocytoma IDH-mutant parietal 011
T1C+ - Diffuse astrocytoma IDH-mutant parietal 014,duplicate image bytes (same lesion),T1C+ - Diffuse astrocytoma IDH-mutant parietal 015
"T1C+ - Diffuse astrocytoma NOS (corpus callosum) tentorial , frontal 003",duplicate image bytes (same lesion),"T1C+ - Diffuse astrocytoma NOS (corpus callosum) tentorial , frontal 002"
"T1C+ - Diffuse astrocytoma NOS (corpus callosum) tentorial , frontal 004",duplicate image bytes (same lesion),"T1C+ - Diffuse astrocytoma NOS (corpus callosum) tentorial , frontal 006"
"T1C+ - Diffuse astrocytoma NOS (protoplasmic) temporal , frontal 001",duplicate image bytes (same lesion),"T1C+ - Diffuse astrocytoma NOS (protoplasmic) temporal , frontal 003"
"T1C+ - Diffuse astrocytoma NOS (protoplasmic) temporal , frontal 002",duplicate image bytes (same lesion),"T1C+ - Diffuse astrocytoma NOS (protoplasmic) temporal , frontal 003"
T1C+ - Diffuse astrocytoma NOS (protoplasmic) temporal 022,duplicate image bytes (same lesion),T1C+ - Diffuse astrocytoma NOS (protoplasmic) temporal 021
"T1C+ - Diffuse astrocytoma NOS frontal , basal ganglia 004",duplicate image bytes (same lesion),"T1C+ - Diffuse astrocytoma NOS frontal , basal ganglia 005"
"T1C+ - Diffuse astrocytoma NOS frontal , basal ganglia 006",duplicate image bytes (same lesion),"T1C+ - Diffuse astrocytoma NOS frontal , basal ganglia 007"
T1C+ - Diffuse astrocytoma NOS in the cerebellum ventricle 005,duplicate image bytes (same lesion),T1C+ - Diffuse astrocytoma NOS in the cerebellum ventricle 004
T1C+ - Diffuse astrocytoma NOS temporal 003,duplicate image bytes (same lesion),T1C+ - Diffuse astrocytoma NOS temporal 002
T1C+ - Diffuse astrocytoma NOS temporal 004,duplicate image bytes (same lesion),T1C+ - Diffuse astrocytoma NOS temporal 006
T1C+ - Diffuse astrocytoma NOS temporal 005,duplicate image bytes (same lesion),T1C+ - Diffuse astrocytoma NOS temporal 006
T1C+ - Diffuse astrocytoma NOS temporal 007,duplicate image bytes (same lesion),T1C+ - Diffuse astrocytoma NOS temporal 008
T1C+ - Diffuse astrocytoma NOS temporal 009,duplicate image bytes (same lesion),T1C+ - Diffuse astrocytoma NOS temporal 008
"T1C+ - Diffuse astrocytoma frontal , temporal 019",duplicate image bytes (same lesion),"T1C+ - Diffuse astrocytoma frontal , temporal 014"
"T1C+ - Diffuse astrocytoma frontal , temporal 020",duplicate image bytes (same lesion),"T1C+ - Diffuse astrocytoma frontal , temporal 015"
"T1C+ - Diffuse astrocytoma frontal , temporal 021",duplicate image bytes (same lesion),"T1C+ - Diffuse astrocytoma frontal , temporal 016"
"T1C+ - Diffuse astrocytoma frontal , temporal 022",duplicate image bytes (same lesion),"T1C+ - Diffuse astrocytoma frontal , temporal 017"
"T1C+ - Diffuse astrocytoma frontal , temporal 023",duplicate image bytes (same lesion),"T1C+ - Diffuse astrocytoma frontal , temporal 018"
T1C+ - Dysembryoplastic neuroepithelial tumor (DNET) 012,duplicate image bytes (same lesion),T1C+ - Dysembryoplastic neuroepithelial tumor (DNET) 013
T1C+ - Dysembryoplastic neuroepithelial tumor (DNET) 015,duplicate image bytes (same lesion),T1C+ - Dysembryoplastic neuroepithelial tumor (DNET) 014
T1C+ - Dysembryoplastic neuroepithelial tumor (DNET) 016,duplicate image bytes (same lesion),T1C+ - Dysembryoplastic neuroepithelial tumor (DNET) 017
T1C+ - Dysembryoplastic neuroepithelial tumor (DNET) 018,duplicate image bytes (same lesion),T1C+ - Dysembryoplastic neuroepithelial tumor (DNET) 019
"T1C+ - Dysembryoplastic neuroepithelial tumor (DNET) frontal , anterior cranial fossa 001",duplicate image bytes (same lesion),"T1C+ - Dysembryoplastic neuroepithelial tumor (DNET) frontal , anterior cranial fossa 002"
"T1C+ - Dysembryoplastic neuroepithelial tumor (DNET) frontal , anterior cranial fossa 004",duplicate image bytes (same lesion),"T1C+ - Dysembryoplastic neuroepithelial tumor (DNET) frontal , anterior cranial fossa 003"
T1C+ - Dysembryoplastic neuroepithelial tumor (DNET) frontal 002,duplicate image bytes (same lesion),T1C+ - Dysembryoplastic neuroepithelial tumor (DNET) frontal 001
T1C+ - Dysembryoplastic neuroepithelial tumor (DNET) temporal 012,duplicate image bytes (same lesion),T1C+ - Dysembryoplastic neuroepithelial tumor (DNET) temporal 013
T1C+ - Dysembryoplastic neuroepithelial tumor (DNET) temporal 014,duplicate image bytes (same lesion),T1C+ - Dysembryoplastic neuroepithelial tumor (DNET) temporal 015
T1C+ - Dysembryoplastic neuroepithelial tumor (DNET) temporal 016,duplicate image bytes (same lesion),T1C+ - Dysembryoplastic neuroepithelial tumor (DNET) temporal 017
T1C+ - Dysembryoplastic neuroepithelial tumor (DNET) temporal 036,duplicate image bytes (same lesion),T1C+ - Dysembryoplastic neuroepithelial tumor (DNET) temporal 035
T1C+ - Dysembryoplastic neuroepithelial tumor (DNET) temporal 050,duplicate image bytes (same lesion),T1C+ - Dysembryoplastic neuroepithelial tumor (DNET) temporal 051
T1C+ - Dysembryoplastic neuroepithelial tumor frontal 001,duplicate image bytes (same lesion),T1C+ - Dysembryoplastic neuroepithelial tumor frontal 002
"T1C+ - Ependymoma ventricle , brainstem 107",duplicate image bytes (same lesion),"T1C+ - Ependymoma ventricle , brainstem 108"
T1C+ - Ependymoma ventricle 033,duplicate image bytes (same lesion),T1C+ - Ependymoma ventricle 034
T1C+ - Ganglioglioma - occipital lobe occipital 002,duplicate image bytes (same lesion),T1C+ - Ganglioglioma - occipital lobe occipital 001
T1C+ - Ganglioglioma 017,duplicate image bytes (same lesion),T1C+ - Ganglioglioma 016
T1C+ - Ganglioglioma 019,duplicate image bytes (same lesion),T1C+ - Ganglioglioma 018
T1C+ - Ganglioglioma occipital 002,duplicate image bytes (same lesion),T1C+ - Ganglioglioma occipital 001
T1C+ - Ganglioglioma temporal 011,duplicate image bytes (same lesion),T1C+ - Ganglioglioma temporal 012
T1C+ - Ganglioglioma temporal 013,duplicate image bytes (same lesion),T1C+ - Ganglioglioma temporal 024
T1C+ - Ganglioglioma temporal 014,duplicate image bytes (same lesion),T1C+ - Ganglioglioma temporal 024
T1C+ - Ganglioglioma temporal 016,duplicate image bytes (same lesion),T1C+ - Ganglioglioma temporal 015
T1C+ - Ganglioglioma temporal 021,duplicate image bytes (same lesion),T1C+ - Ganglioglioma temporal 022
T1C+ - Ganglioglioma temporal 023,duplicate image bytes (same lesion),T1C+ - Ganglioglioma temporal 015
"T1C+ - Gemistocytic astrocytoma (anaplastic) frontal , ventricle 013",duplicate image bytes (same lesion),"T1C+ - Gemistocytic astrocytoma (anaplastic) frontal , ventricle 012"
"T1C+ - Gemistocytic astrocytoma (anaplastic) frontal , ventricle 015",duplicate image bytes (same lesion),"T1C+ - Gemistocytic astrocytoma (anaplastic) frontal , ventricle 014"
T1C+ - Glioblastoma NOS 001,duplicate image bytes (same lesion),T1C+ - Glioblastoma NOS 004
T1C+ - Glioblastoma NOS 002,duplicate image bytes (same lesion),T1C+ - Glioblastoma NOS 004
T1C+ - Glioblastoma NOS 003,duplicate image bytes (same lesion),T1C+ - Glioblastoma NOS 004
T1C+ - Glioblastoma NOS 005,duplicate image bytes (same lesion),T1C+ - Glioblastoma NOS 004
T1C+ - Glioblastoma NOS occipital 009,duplicate image bytes (same lesion),T1C+ - Glioblastoma NOS occipital 008
T1C+ - Glioblastoma NOS occipital 010,duplicate image bytes (same lesion),T1C+ - Glioblastoma NOS occipital 008
T1C+ - Glioblastoma NOS parietal 001,duplicate image bytes (same lesion),T1C+ - Glioblastoma NOS parietal 003
T1C+ - Glioblastoma NOS parietal 002,duplicate image bytes (same lesion),T1C+ - Glioblastoma NOS parietal 003
T1C+ - Glioblastoma NOS temporal 008,duplicate image bytes (same lesion),T1C+ - Glioblastoma NOS temporal 009
T1C+ - Glioblastoma NOS temporal 010,duplicate image bytes (same lesion),T1C+ - Glioblastoma NOS temporal 011
T1C+ - Glioblastoma NOS temporal 012,duplicate image bytes (same lesion),T1C+ - Glioblastoma NOS temporal 013
T1C+ - Glioblastoma occipital 051,duplicate image bytes (same lesion),T1C+ - Glioblastoma occipital 050
"T1C+ - Glioblastoma temporal , frontal 007",duplicate image bytes (same lesion),"T1C+ - Glioblastoma temporal , frontal 006"
"T1C+ - Glioblastoma temporal , frontal 008",duplicate image bytes (same lesion),"T1C+ - Glioblastoma temporal , frontal 006"
"T1C+ - Glioblastoma temporal , frontal 010",duplicate image bytes (same lesion),"T1C+ - Glioblastoma temporal , frontal 009"
"T1C+ - Glioblastoma temporal , frontal 011",duplicate image bytes (same lesion),"T1C+ - Glioblastoma temporal , frontal 012"
"T1C+ - Glioblastoma temporal , frontal 018",duplicate image bytes (same lesion),"T1C+ - Glioblastoma temporal , frontal 013"
"T1C+ - Glioblastoma temporal , ventricle 005",duplicate image bytes (same lesion),"T1C+ - Glioblastoma temporal , ventricle 004"
"T1C+ - Glioblastoma temporal , ventricle 014",duplicate image bytes (same lesion),"T1C+ - Glioblastoma temporal , ventricle 013"
T1C+ - Glioblastoma temporal 013,duplicate image bytes (same lesion),T1C+ - Glioblastoma temporal 016
T1C+ - Glioblastoma temporal 015,duplicate image bytes (same lesion),T1C+ - Glioblastoma temporal 014
T1C+ - Glioblastoma temporal 017,duplicate image bytes (same lesion),T1C+ - Glioblastoma temporal 012
"T1C+ - Intraventricular meningioma ventricle , temporal 158",duplicate image bytes (same lesion),"T1C+ - Intraventricular meningioma ventricle , temporal 157"
T1C+ - Jugular foramen schwannoma 001,duplicate image bytes (same lesion),T1C+ - Jugular foramen schwannoma 002
T1C+ - Medulloblastoma 031,duplicate image bytes (same lesion),T1C+ - Medulloblastoma 030
"T1C+ - Medulloblastoma posterior cranial fossa , ventricle 005",duplicate image bytes (same lesion),"T1C+ - Medulloblastoma posterior cranial fossa , ventricle 016"
"T1C+ - Medulloblastoma posterior cranial fossa , ventricle 006",duplicate image bytes (same lesion),"T1C+ - Medulloblastoma posterior cranial fossa , ventricle 015"
"T1C+ - Medulloblastoma posterior cranial fossa , ventricle 008",duplicate image bytes (same lesion),"T1C+ - Medulloblastoma posterior cranial fossa , ventricle 013"
"T1C+ - Medulloblastoma posterior cranial fossa , ventricle 010",duplicate image bytes (same lesion),"T1C+ - Medulloblastoma posterior cranial fossa , ventricle 012"
"T1C+ - Medulloblastoma posterior cranial fossa , ventricle 011",duplicate image bytes (same lesion),"T1C+ - Medulloblastoma posterior cranial fossa , ventricle 009"
"T1C+ - Medulloblastoma posterior cranial fossa , ventricle 014",duplicate image bytes (same lesion),"T1C+ - Medulloblastoma posterior cranial fossa , ventricle 007"
"T1C+ - Medulloblastoma posterior cranial fossa , ventricle 018",duplicate image bytes (same lesion),"T1C+ - Medulloblastoma posterior cranial fossa , ventricle 003"
"T1C+ - Medulloblastoma posterior cranial fossa , ventricle 019",duplicate image bytes (same lesion),"T1C+ - Medulloblastoma posterior cranial fossa , ventricle 002"
"T1C+ - Medulloblastoma posterior cranial fossa , ventricle 020",duplicate image bytes (same lesion),"T1C+ - Medulloblastoma posterior cranial fossa , ventricle 001"
"T1C+ - Medulloblastoma posterior fossa , ventricle 038",duplicate image bytes (same lesion),"T1C+ - Medulloblastoma posterior fossa , ventricle 039"
"T1C+ - Medulloblastoma posterior fossa , ventricle 076",duplicate image bytes (same lesion),"T1C+ - Medulloblastoma posterior fossa , ventricle 077"
T1C+ - Medulloblastoma posterior fossa 002,duplicate image bytes (same lesion),T1C+ - Medulloblastoma posterior fossa 001
T1C+ - Medulloblastoma posterior fossa 003,duplicate image bytes (same lesion),T1C+ - Medulloblastoma posterior fossa 001
T1C+ - Medulloblastoma posterior fossa 004,duplicate image bytes (same lesion),T1C+ - Medulloblastoma posterior fossa 001
"T1C+ - Meningioma (dual component) middle cranial fossa , frontal 010",duplicate image bytes (same lesion),"T1C+ - Meningioma (dual component) middle cranial fossa , frontal 009"
"T1C+ - Meningioma (dual component) middle cranial fossa , frontal 011",duplicate image bytes (same lesion),"T1C+ - Meningioma (dual component) middle cranial fossa , frontal 008"
T1C+ - Meningioma 235,duplicate image bytes (same lesion),T1C+ - Meningioma 234
T1C+ - Meningioma frontal 220,duplicate image bytes (same lesion),T1C+ - Meningioma frontal 219
T1C+ - Meningioma frontal 240,duplicate image bytes (same lesion),T1C+ - Meningioma frontal 241
T1C+ - Meningioma frontal 242,duplicate image bytes (same lesion),T1C+ - Meningioma frontal 241
T1C+ - Meningioma frontal 307,duplicate image bytes (same lesion),T1C+ - Meningioma frontal 308
"T1C+ - Meningioma mimicking vestibular schwannoma cerebellopontine angle , ventricle 007",duplicate image bytes (same lesion),"T1C+ - Meningioma mimicking vestibular schwannoma cerebellopontine angle , ventricle 006"
"T1C+ - Meningioma parafalcine , ventricle 057",duplicate image bytes (same lesion),"T1C+ - Meningioma parafalcine , ventricle 056"
"T1C+ - Meningioma ventricle , brainstem 147",duplicate image bytes (same lesion),"T1C+ - Meningioma ventricle , brainstem 148"
"T1C+ - Meningioma ventricle , brainstem 149",duplicate image bytes (same lesion),"T1C+ - Meningioma ventricle , brainstem 150"
"T1C+ - Meningioma ventricle , brainstem 151",duplicate image bytes (same lesion),"T1C+ - Meningioma ventricle , brainstem 152"
"T1C+ - Meningioma ventricle , brainstem 153",duplicate image bytes (same lesion),"T1C+ - Meningioma ventricle , brainstem 152"
"T1C+ - Meningioma ventricle , brainstem 154",duplicate image bytes (same lesion),"T1C+ - Meningioma ventricle , brainstem 155"
"T1C+ - Meningioma ventricle , brainstem 157",duplicate image bytes (same lesion),"T1C+ - Meningioma ventricle , brainstem 156"
"T1C+ - Meningioma ventricle , brainstem 159",duplicate image bytes (same lesion),"T1C+ - Meningioma ventricle , brainstem 158"
"T1C+ - Meningioma ventricle , brainstem 160",duplicate image bytes (same lesion),"T1C+ - Meningioma ventricle , brainstem 161"
"T1C+ - Meningioma ventricle , brainstem 162",duplicate image bytes (same lesion),"T1C+ - Meningioma ventricle , brainstem 161"
"T1C+ - Meningioma ventricle , brainstem 163",duplicate image bytes (same lesion),"T1C+ - Meningioma ventricle , brainstem 164"
"T1C+ - Meningioma ventricle , brainstem 165",duplicate image bytes (same lesion),"T1C+ - Meningioma ventricle , brainstem 164"
"T1C+ - Meningioma ventricle , brainstem 166",duplicate image bytes (same lesion),"T1C+ - Meningioma ventricle , brainstem 168"
"T1C+ - Meningioma ventricle , brainstem 167",duplicate image bytes (same lesion),"T1C+ - Meningioma ventricle , brainstem 168"
"T1C+ - Meningioma ventricle , brainstem 169",duplicate image bytes (same lesion),"T1C+ - Meningioma ventricle , brainstem 171"
"T1C+ - Meningioma ventricle , brainstem 170",duplicate image bytes (same lesion),"T1C+ - Meningioma ventricle , brainstem 171"
"T1C+ - Meningioma ventricle , brainstem 172",duplicate image bytes (same lesion),"T1C+ - Meningioma ventricle , brainstem 171"
"T1C+ - Multicentric glioblastoma frontal , parietal 002",duplicate image bytes (same lesion),"T1C+ - Multicentric glioblastoma frontal , parietal 001"
"T1C+ - Multicentric glioblastoma frontal , parietal 003",duplicate image bytes (same lesion),"T1C+ - Multicentric glioblastoma frontal , parietal 001"
"T1C+ - Multicentric glioblastoma frontal , parietal 004",duplicate image bytes (same lesion),"T1C+ - Multicentric glioblastoma frontal , parietal 005"
"T1C+ - Multicentric glioblastoma frontal , parietal 006",duplicate image bytes (same lesion),"T1C+ - Multicentric glioblastoma frontal , parietal 007"
"T1C+ - Multicentric glioblastoma frontal , parietal 008",duplicate image bytes (same lesion),"T1C+ - Multicentric glioblastoma frontal , parietal 009"
"T1C+ - Multicentric glioblastoma frontal , parietal 011",duplicate image bytes (same lesion),"T1C+ - Multicentric glioblastoma frontal , parietal 010"
"T1C+ - Multicentric glioblastoma frontal , parietal 013",duplicate image bytes (same lesion),"T1C+ - Multicentric glioblastoma frontal , parietal 012"
"T1C+ - Multicentric glioblastoma frontal , parietal 016",duplicate image bytes (same lesion),"T1C+ - Multicentric glioblastoma frontal , parietal 015"
"T1C+ - Multicentric glioblastoma occipital , ventricle 006",duplicate image bytes (same lesion),"T1C+ - Multicentric glioblastoma occipital , ventricle 009"
"T1C+ - Multicentric glioblastoma occipital , ventricle 008",duplicate image bytes (same lesion),"T1C+ - Multicentric glioblastoma occipital , ventricle 011"
"T1C+ - Multicentric glioblastoma occipital , ventricle 010",duplicate image bytes (same lesion),"T1C+ - Multicentric glioblastoma occipital , ventricle 007"
"T1C+ - Multicentric glioblastoma parietal , ventricle 009",duplicate image bytes (same lesion),"T1C+ - Multicentric glioblastoma parietal , ventricle 083"
"T1C+ - Multicentric glioblastoma parietal , ventricle 010",duplicate image bytes (same lesion),"T1C+ - Multicentric glioblastoma parietal , ventricle 082"
"T1C+ - Multicentric glioblastoma parietal , ventricle 011",duplicate image bytes (same lesion),"T1C+ - Multicentric glioblastoma parietal , ventricle 081"
"T1C+ - Multicentric glioblastoma parietal , ventricle 012",duplicate image bytes (same lesion),"T1C+ - Multicentric glioblastoma parietal , ventricle 080"
"T1C+ - Multicentric glioblastoma parietal , ventricle 013",duplicate image bytes (same lesion),"T1C+ - Multicentric glioblastoma parietal , ventricle 079"
"T1C+ - Multicentric glioblastoma parietal , ventricle 014",duplicate image bytes (same lesion),"T1C+ - Multicentric glioblastoma parietal , ventricle 078"
"T1C+ - Multicentric glioblastoma parietal , ventricle 015",duplicate image bytes (same lesion),"T1C+ - Multicentric glioblastoma parietal , ventricle 077"
"T1C+ - Multicentric glioblastoma parietal , ventricle 016",duplicate image bytes (same lesion),"T1C+ - Multicentric glioblastoma parietal , ventricle 076"
"T1C+ - Multicentric glioblastoma parietal , ventricle 017",duplicate image bytes (same lesion),"T1C+ - Multicentric glioblastoma parietal , ventricle 075"
"T1C+ - Multicentric glioblastoma parietal , ventricle 018",duplicate image bytes (same lesion),"T1C+ - Multicentric glioblastoma parietal , ventricle 074"
"T1C+ - Multicentric glioblastoma parietal , ventricle 019",duplicate image bytes (same lesion),"T1C+ - Multicentric glioblastoma parietal , ventricle 073"
"T1C+ - Multicentric glioblastoma parietal , ventricle 020",duplicate image bytes (same lesion),"T1C+ - Multicentric glioblastoma parietal , ventricle 073"
"T1C+ - Multicentric glioblastoma parietal , ventricle 021",duplicate image bytes (same lesion),"T1C+ - Multicentric glioblastoma parietal , ventricle 072"
"T1C+ - Multicentric glioblastoma parietal , ventricle 022",duplicate image bytes (same lesion),"T1C+ - Multicentric glioblastoma parietal , ventricle 071"
"T1C+ - Multicentric glioblastoma parietal , ventricle 023",duplicate image bytes (same lesion),"T1C+ - Multicentric glioblastoma parietal , ventricle 070"
"T1C+ - Multicentric glioblastoma parietal , ventricle 024",duplicate image bytes (same lesion),"T1C+ - Multicentric glioblastoma parietal , ventricle 069"
"T1C+ - Multicentric glioblastoma parietal , ventricle 025",duplicate image bytes (same lesion),"T1C+ - Multicentric glioblastoma parietal , ventricle 068"
"T1C+ - Multicentric glioblastoma parietal , ventricle 026",duplicate image bytes (same lesion),"T1C+ - Multicentric glioblastoma parietal , ventricle 067"
"T1C+ - Multicentric glioblastoma parietal , ventricle 027",duplicate image bytes (same lesion),"T1C+ - Multicentric glioblastoma parietal , ventricle 066"
"T1C+ - Multicentric glioblastoma parietal , ventricle 028",duplicate image bytes (same lesion),"T1C+ - Multicentric glioblastoma parietal , ventricle 065"
"T1C+ - Multicentric glioblastoma parietal , ventricle 029",duplicate image bytes (same lesion),"T1C+ - Multicentric glioblastoma parietal , ventricle 063"
"T1C+ - Multicentric glioblastoma parietal , ventricle 031",duplicate image bytes (same lesion),"T1C+ - Multicentric glioblastoma parietal , ventricle 061"
"T1C+ - Multicentric glioblastoma parietal , ventricle 032",duplicate image bytes (same lesion),"T1C+ - Multicentric glioblastoma parietal , ventricle 060"
"T1C+ - Multicentric glioblastoma parietal , ventricle 033",duplicate image bytes (same lesion),"T1C+ - Multicentric glioblastoma parietal , ventricle 059"
"T1C+ - Multicentric glioblastoma parietal , ventricle 084",duplicate image bytes (same lesion),"T1C+ - Multicentric glioblastoma parietal , ventricle 008"
"T1C+ - Multicentric glioblastoma parietal , ventricle 085",duplicate image bytes (same lesion),"T1C+ - Multicentric glioblastoma parietal , ventricle 007"
"T1C+ - Multicentric glioblastoma parietal , ventricle 086",duplicate image bytes (same lesion),"T1C+ - Multicentric glioblastoma parietal , ventricle 006"
"T1C+ - Multicentric glioblastoma parietal , ventricle 087",duplicate image bytes (same lesion),"T1C+ - Multicentric glioblastoma parietal , ventricle 005"
"T1C+ - Multicompartmental trigeminal schwannoma middle cranial fossa , temporal 099",duplicate image bytes (same lesion),"T1C+ - Multicompartmental trigeminal schwannoma middle cranial fossa , temporal 100"
"T1C+ - Multicompartmental trigeminal schwannoma middle cranial fossa , temporal 139",duplicate image bytes (same lesion),"T1C+ - Multicompartmental trigeminal schwannoma middle cranial fossa , temporal 138"
"T1C+ - Multicompartmental trigeminal schwannoma middle cranial fossa , temporal 140",duplicate image bytes (same lesion),"T1C+ - Multicompartmental trigeminal schwannoma middle cranial fossa , temporal 141"
"T1C+ - Multicompartmental trigeminal schwannoma middle cranial fossa , temporal 142",duplicate image bytes (same lesion),"T1C+ - Multicompartmental trigeminal schwannoma middle cranial fossa , temporal 141"
"T1C+ - Multicompartmental trigeminal schwannoma middle cranial fossa , temporal 143",duplicate image bytes (same lesion),"T1C+ - Multicompartmental trigeminal schwannoma middle cranial fossa , temporal 141"
"T1C+ - Multicompartmental trigeminal schwannoma middle cranial fossa , temporal 144",duplicate image bytes (same lesion),"T1C+ - Multicompartmental trigeminal schwannoma middle cranial fossa , temporal 145"
"T1C+ - Multicompartmental trigeminal schwannoma middle cranial fossa , temporal 146",duplicate image bytes (same lesion),"T1C+ - Multicompartmental trigeminal schwannoma middle cranial fossa , temporal 145"
"T1C+ - Multicompartmental trigeminal schwannoma middle cranial fossa , temporal 148",duplicate image bytes (same lesion),"T1C+ - Multicompartmental trigeminal schwannoma middle cranial fossa , temporal 147"
"T1C+ - Multicompartmental trigeminal schwannoma middle cranial fossa , temporal 149",duplicate image bytes (same lesion),"T1C+ - Multicompartmental trigeminal schwannoma middle cranial fossa , temporal 147"
"T1C+ - Multicompartmental trigeminal schwannoma middle cranial fossa , temporal 151",duplicate image bytes (same lesion),"T1C+ - Multicompartmental trigeminal schwannoma middle cranial fossa , temporal 150"
"T1C+ - Olfactory groove meningioma frontal , planum sphenoidale 008",duplicate image bytes (same lesion),"T1C+ - Olfactory groove meningioma frontal , planum sphenoidale 001"
"T1C+ - Olfactory groove meningioma frontal , planum sphenoidale 009",duplicate image bytes (same lesion),"T1C+ - Olfactory groove meningioma frontal , planum sphenoidale 002"
"T1C+ - Olfactory groove meningioma frontal , planum sphenoidale 010",duplicate image bytes (same lesion),"T1C+ - Olfactory groove meningioma frontal , planum sphenoidale 003"
"T1C+ - Olfactory groove meningioma frontal , planum sphenoidale 011",duplicate image bytes (same lesion),"T1C+ - Olfactory groove meningioma frontal , planum sphenoidale 004"
T1C+ - Oligodendroglioma NOS (grade 3) 001,duplicate image bytes (same lesion),T1C+ - Oligodendroglioma NOS (grade 3) 002
T1C+ - Oligodendroglioma NOS (grade 3) frontal 009,duplicate image bytes (same lesion),T1C+ - Oligodendroglioma NOS (grade 3) frontal 010
T1C+ - Oligodendroglioma NOS (grade 3) frontal 011,duplicate image bytes (same lesion),T1C+ - Oligodendroglioma NOS (grade 3) frontal 010
T1C+ - Oligodendroglioma NOS temporal 003,duplicate image bytes (same lesion),T1C+ - Oligodendroglioma NOS temporal 002
T1C+ - Oligodendroglioma NOS temporal 004,duplicate image bytes (same lesion),T1C+ - Oligodendroglioma NOS temporal 002
T1C+ - Oligodendroglioma frontal 140,duplicate image bytes (same lesion),T1C+ - Oligodendroglioma frontal 210
T1C+ - Oligodendroglioma frontal 142,duplicate image bytes (same lesion),T1C+ - Oligodendroglioma frontal 207
T1C+ - Oligodendroglioma frontal 144,duplicate image bytes (same lesion),T1C+ - Oligodendroglioma frontal 204
T1C+ - Oligodendroglioma frontal 154,duplicate image bytes (same lesion),T1C+ - Oligodendroglioma frontal 189
T1C+ - Oligodendroglioma frontal 186,duplicate image bytes (same lesion),T1C+ - Oligodendroglioma frontal 156
T1C+ - Oligodendroglioma frontal 195,duplicate image bytes (same lesion),T1C+ - Oligodendroglioma frontal 150
T1C+ - Oligodendroglioma frontal 201,duplicate image bytes (same lesion),T1C+ - Oligodendroglioma frontal 146
"T1C+ - Pilocytic astrocytoma - suprasellar suprasellar , ventricle 010",duplicate image bytes (same lesion),"T1C+ - Pilocytic astrocytoma - suprasellar suprasellar , ventricle 011"
"T1C+ - Pilocytic astrocytoma - suprasellar suprasellar , ventricle 013",duplicate image bytes (same lesion),"T1C+ - Pilocytic astrocytoma - suprasellar suprasellar , ventricle 015"
"T1C+ - Pilocytic astrocytoma - suprasellar suprasellar , ventricle 014",duplicate image bytes (same lesion),"T1C+ - Pilocytic astrocytoma - suprasellar suprasellar , ventricle 015"
"T1C+ - Pilocytic astrocytoma - suprasellar suprasellar , ventricle 016",duplicate image bytes (same lesion),"T1C+ - Pilocytic astrocytoma - suprasellar suprasellar , ventricle 017"
T1C+ - Pilocytic astrocytoma 027,duplicate image bytes (same lesion),T1C+ - Pilocytic astrocytoma 026
T1C+ - Pilocytic astrocytoma 028,duplicate image bytes (same lesion),T1C+ - Pilocytic astrocytoma 026
"T1C+ - Pilocytic astrocytoma of the visual pathway suprasellar , ventricle 014",duplicate image bytes (same lesion),"T1C+ - Pilocytic astrocytoma of the visual pathway suprasellar , ventricle 013"
"T1C+ - Pilocytic astrocytoma posterior fossa , frontal 009",duplicate image bytes (same lesion),"T1C+ - Pilocytic astrocytoma posterior fossa , frontal 010"
"T1C+ - Pilocytic astrocytoma posterior fossa , ventricle 080",duplicate image bytes (same lesion),"T1C+ - Pilocytic astrocytoma posterior fossa , ventricle 082"
"T1C+ - Pilocytic astrocytoma posterior fossa , ventricle 081",duplicate image bytes (same lesion),"T1C+ - Pilocytic astrocytoma posterior fossa , ventricle 082"
"T1C+ - Pilocytic astrocytoma posterior fossa , ventricle 098",duplicate image bytes (same lesion),"T1C+ - Pilocytic astrocytoma posterior fossa , ventricle 097"
"T1C+ - Pilocytic astrocytoma posterior fossa , ventricle 099",duplicate image bytes (same lesion),"T1C+ - Pilocytic astrocytoma posterior fossa , ventricle 097"
"T1C+ - Pilocytic astrocytoma ventricle , supratentorial 023",duplicate image bytes (same lesion),"T1C+ - Pilocytic astrocytoma ventricle , supratentorial 024"
"T1C+ - Pilocytic astrocytoma ventricle , supratentorial 026",duplicate image bytes (same lesion),"T1C+ - Pilocytic astrocytoma ventricle , supratentorial 025"
"T1C+ - Pilocytic astrocytoma ventricle , supratentorial 027",duplicate image bytes (same lesion),"T1C+ - Pilocytic astrocytoma ventricle , supratentorial 025"
"T1C+ - Pilocytic astrocytoma ventricle , temporal 037",duplicate image bytes (same lesion),"T1C+ - Pilocytic astrocytoma ventricle , temporal 036"
"T1C+ - Pilocytic astrocytoma ventricle , temporal 039",duplicate image bytes (same lesion),"T1C+ - Pilocytic astrocytoma ventricle , temporal 038"
T1C+ - Pilocytic astrocytoma ventricle 067,duplicate image bytes (same lesion),T1C+ - Pilocytic astrocytoma ventricle 068
T1C+ - Pineal germinoma pineal 025,duplicate image bytes (same lesion),T1C+ - Pineal germinoma pineal 024
T1C+ - Pineal germinoma pineal 026,duplicate image bytes (same lesion),T1C+ - Pineal germinoma pineal 027
"T1C+ - Pineal germinoma with diffuse subependymal tumor spread pineal , frontal 002",duplicate image bytes (same lesion),"T1C+ - Pineal germinoma with diffuse subependymal tumor spread pineal , frontal 001"
"T1C+ - Posterior fossa ependymoma ventricle , supratentorial 005",duplicate image bytes (same lesion),"T1C+ - Posterior fossa ependymoma ventricle , supratentorial 006"
"T1C+ - Posterior fossa ependymoma ventricle , supratentorial 007",duplicate image bytes (same lesion),"T1C+ - Posterior fossa ependymoma ventricle , supratentorial 009"
"T1C+ - Posterior fossa ganglioglioma- WHO grade 1 posterior fossa , cerebellopontine angle 009",duplicate image bytes (same lesion),"T1C+ - Posterior fossa ganglioglioma- WHO grade 1 posterior fossa , cerebellopontine angle 008"
T1C+ - Posterior fossa meningioma infratentorial 002,duplicate image bytes (same lesion),T1C+ - Posterior fossa meningioma infratentorial 001
T1C+ - Posterior fossa meningioma infratentorial 003,duplicate image bytes (same lesion),T1C+ - Posterior fossa meningioma infratentorial 001
T1C+ - Solitary fibrous tumor (hemangiopericytoma) 075,duplicate image bytes (same lesion),T1C+ - Solitary fibrous tumor (hemangiopericytoma) 076
T1C+ - Solitary fibrous tumor (hemangiopericytoma) 078,duplicate image bytes (same lesion),T1C+ - Solitary fibrous tumor (hemangiopericytoma) 077
T1C+ - Solitary fibrous tumor (hemangiopericytoma) 080,duplicate image bytes (same lesion),T1C+ - Solitary fibrous tumor (hemangiopericytoma) 081
T1C+ - Solitary fibrous tumor (hemangiopericytoma) 082,duplicate image bytes (same lesion),T1C+ - Solitary fibrous tumor (hemangiopericytoma) 081
T1C+ - Solitary fibrous tumor (hemangiopericytoma) 084,duplicate image bytes (same lesion),T1C+ - Solitary fibrous tumor (hemangiopericytoma) 083
T1C+ - Solitary fibrous tumor (hemangiopericytoma) 085,duplicate image bytes (same lesion),T1C+ - Solitary fibrous tumor (hemangiopericytoma) 083
T1C+ - Solitary fibrous tumor (hemangiopericytoma) 086,duplicate image bytes (same lesion),T1C+ - Solitary fibrous tumor (hemangiopericytoma) 087
T1C+ - Solitary fibrous tumor (hemangiopericytoma) 103,duplicate image bytes (same lesion),T1C+ - Solitary fibrous tumor (hemangiopericytoma) 104
T1C+ - Solitary fibrous tumor (hemangiopericytoma) 107,duplicate image bytes (same lesion),T1C+ - Solitary fibrous tumor (hemangiopericytoma) 106
T1C+ - Solitary fibrous tumor (hemangiopericytoma) falx 269,duplicate image bytes (same lesion),T1C+ - Solitary fibrous tumor (hemangiopericytoma) falx 262
T1C+ - Solitary fibrous tumor (hemangiopericytoma) falx 270,duplicate image bytes (same lesion),T1C+ - Solitary fibrous tumor (hemangiopericytoma) falx 263
T1C+ - Solitary fibrous tumor (hemangiopericytoma) falx 271,duplicate image bytes (same lesion),T1C+ - Solitary fibrous tumor (hemangiopericytoma) falx 264
T1C+ - Solitary fibrous tumor (hemangiopericytoma) falx 272,duplicate image bytes (same lesion),T1C+ - Solitary fibrous tumor (hemangiopericytoma) falx 265
T1C+ - Solitary fibrous tumor (hemangiopericytoma) falx 273,duplicate image bytes (same lesion),T1C+ - Solitary fibrous tumor (hemangiopericytoma) falx 266
T1C+ - Solitary fibrous tumor (hemangiopericytoma) falx 274,duplicate image bytes (same lesion),T1C+ - Solitary fibrous tumor (hemangiopericytoma) falx 267
T1C+ - Solitary fibrous tumor (hemangiopericytoma) falx 275,duplicate image bytes (same lesion),T1C+ - Solitary fibrous tumor (hemangiopericytoma) falx 268
T1C+ - Solitary fibrous tumor (hemangiopericytoma) falx 286,duplicate image bytes (same lesion),T1C+ - Solitary fibrous tumor (hemangiopericytoma) falx 308
T1C+ - Solitary fibrous tumor (hemangiopericytoma) falx 299,duplicate image bytes (same lesion),T1C+ - Solitary fibrous tumor (hemangiopericytoma) falx 277
T1C+ - Solitary fibrous tumor (hemangiopericytoma) falx 300,duplicate image bytes (same lesion),T1C+ - Solitary fibrous tumor (hemangiopericytoma) falx 278
T1C+ - Solitary fibrous tumor (hemangiopericytoma) falx 301,duplicate image bytes (same lesion),T1C+ - Solitary fibrous tumor (hemangiopericytoma) falx 279
T1C+ - Solitary fibrous tumor (hemangiopericytoma) falx 302,duplicate image bytes (same lesion),T1C+ - Solitary fibrous tumor (hemangiopericytoma) falx 280
T1C+ - Solitary fibrous tumor (hemangiopericytoma) falx 303,duplicate image bytes (same lesion),T1C+ - Solitary fibrous tumor (hemangiopericytoma) falx 281
T1C+ - Solitary fibrous tumor (hemangiopericytoma) falx 304,duplicate image bytes (same lesion),T1C+ - Solitary fibrous tumor (hemangiopericytoma) falx 282
T1C+ - Solitary fibrous tumor (hemangiopericytoma) falx 305,duplicate image bytes (same lesion),T1C+ - Solitary fibrous tumor (hemangiopericytoma) falx 283
T1C+ - Solitary fibrous tumor (hemangiopericytoma) falx 306,duplicate image bytes (same lesion),T1C+ - Solitary fibrous tumor (hemangiopericytoma) falx 284
T1C+ - Solitary fibrous tumor (hemangiopericytoma) falx 307,duplicate image bytes (same lesion),T1C+ - Solitary fibrous tumor (hemangiopericytoma) falx 285
T1C+ - Solitary fibrous tumor (hemangiopericytoma) falx 309,duplicate image bytes (same lesion),T1C+ - Solitary fibrous tumor (hemangiopericytoma) falx 287
T1C+ - Solitary fibrous tumor (hemangiopericytoma) falx 310,duplicate image bytes (same lesion),T1C+ - Solitary fibrous tumor (hemangiopericytoma) falx 288
T1C+ - Solitary fibrous tumor (hemangiopericytoma) falx 311,duplicate image bytes (same lesion),T1C+ - Solitary fibrous tumor (hemangiopericytoma) falx 289
T1C+ - Solitary fibrous tumor (hemangiopericytoma) falx 312,duplicate image bytes (same lesion),T1C+ - Solitary fibrous tumor (hemangiopericytoma) falx 290
T1C+ - Solitary fibrous tumor (hemangiopericytoma) falx 313,duplicate image bytes (same lesion),T1C+ - Solitary fibrous tumor (hemangiopericytoma) falx 291
T1C+ - Solitary fibrous tumor (hemangiopericytoma) falx 314,duplicate image bytes (same lesion),T1C+ - Solitary fibrous tumor (hemangiopericytoma) falx 292
T1C+ - Solitary fibrous tumor (hemangiopericytoma) falx 315,duplicate image bytes (same lesion),T1C+ - Solitary fibrous tumor (hemangiopericytoma) falx 293
T1C+ - Solitary fibrous tumor (hemangiopericytoma) falx 316,duplicate image bytes (same lesion),T1C+ - Solitary fibrous tumor (hemangiopericytoma) falx 294
T1C+ - Solitary fibrous tumor (hemangiopericytoma) falx 317,duplicate image bytes (same lesion),T1C+ - Solitary fibrous tumor (hemangiopericytoma) falx 295
T1C+ - Solitary fibrous tumor (hemangiopericytoma) falx 318,duplicate image bytes (same lesion),T1C+ - Solitary fibrous tumor (hemangiopericytoma) falx 296
T1C+ - Solitary fibrous tumor (hemangiopericytoma) falx 319,duplicate image bytes (same lesion),T1C+ - Solitary fibrous tumor (hemangiopericytoma) falx 297
T1C+ - Solitary fibrous tumor (hemangiopericytoma) falx 320,duplicate image bytes (same lesion),T1C+ - Solitary fibrous tumor (hemangiopericytoma) falx 298
T1C+ - Solitary fibrous tumor (hemangiopericytoma) falx 323,duplicate image bytes (same lesion),T1C+ - Solitary fibrous tumor (hemangiopericytoma) falx 322
T1C+ - Solitary fibrous tumor (hemangiopericytoma) falx 324,duplicate image bytes (same lesion),T1C+ - Solitary fibrous tumor (hemangiopericytoma) falx 322
T1C+ - Solitary fibrous tumor (hemangiopericytoma) falx 326,duplicate image bytes (same lesion),T1C+ - Solitary fibrous tumor (hemangiopericytoma) falx 325
T1C+ - Solitary fibrous tumor (hemangiopericytoma) falx 327,duplicate image bytes (same lesion),T1C+ - Solitary fibrous tumor (hemangiopericytoma) falx 328
T1C+ - Solitary fibrous tumor (hemangiopericytoma) falx 329,duplicate image bytes (same lesion),T1C+ - Solitary fibrous tumor (hemangiopericytoma) falx 330
T1C+ - Solitary fibrous tumor (hemangiopericytoma) falx 331,duplicate image bytes (same lesion),T1C+ - Solitary fibrous tumor (hemangiopericytoma) falx 332
"T1C+ - Solitary fibrous tumor of the dura parietal , temporal 041",duplicate image bytes (same lesion),"T1C+ - Solitary fibrous tumor of the dura parietal , temporal 040"
"T1C+ - Solitary fibrous tumor of the dura parietal , temporal 043",duplicate image bytes (same lesion),"T1C+ - Solitary fibrous tumor of the dura parietal , temporal 042"
"T1C+ - Solitary fibrous tumor of the dura parietal , temporal 044",duplicate image bytes (same lesion),"T1C+ - Solitary fibrous tumor of the dura parietal , temporal 045"
"T1C+ - Sphenoid wing meningioma temporal , cavernous sinus 004",duplicate image bytes (same lesion),"T1C+ - Sphenoid wing meningioma temporal , cavernous sinus 003"
T1C+ - Supratentorial ependymoma frontal 050,duplicate image bytes (same lesion),T1C+ - Supratentorial ependymoma frontal 051
T1C+ - Supratentorial ependymoma frontal 052,duplicate image bytes (same lesion),T1C+ - Supratentorial ependymoma frontal 053
T1C+ - Supratentorial ependymoma frontal 054,duplicate image bytes (same lesion),T1C+ - Supratentorial ependymoma frontal 055
T1C+ - Supratentorial ependymoma frontal 056,duplicate image bytes (same lesion),T1C+ - Supratentorial ependymoma frontal 057
T1C+ - Supratentorial ependymoma frontal 059,duplicate image bytes (same lesion),T1C+ - Supratentorial ependymoma frontal 058
T1C+ - Supratentorial ependymoma frontal 061,duplicate image bytes (same lesion),T1C+ - Supratentorial ependymoma frontal 060
T1C+ - Supratentorial ependymoma frontal 062,duplicate image bytes (same lesion),T1C+ - Supratentorial ependymoma frontal 063
T1C+ - Supratentorial ependymoma frontal 066,duplicate image bytes (same lesion),T1C+ - Supratentorial ependymoma frontal 065
"T1C+ - Tentorium cerebelli meningioma posterior fossa , tentorium cerebelli 002",duplicate image bytes (same lesion),"T1C+ - Tentorium cerebelli meningioma posterior fossa , tentorium cerebelli 001"
T1C+ - Trigeminal schwannoma 003,duplicate image bytes (same lesion),T1C+ - Trigeminal schwannoma 002
T1C+ - Trigeminal schwannoma 004,duplicate image bytes (same lesion),T1C+ - Trigeminal schwannoma 002
T1C+ - Trigeminal schwannoma 006,duplicate image bytes (same lesion),T1C+ - Trigeminal schwannoma 007
T1C+ - Trigeminal schwannoma 010,duplicate image bytes (same lesion),T1C+ - Trigeminal schwannoma 009
"T1C+ - Trigeminal schwannoma cerebellopontine angle , trigeminal 009",duplicate image bytes (same lesion),"T1C+ - Trigeminal schwannoma cerebellopontine angle , trigeminal 019"
"T1C+ - Trigeminal schwannoma cerebellopontine angle , trigeminal 011",duplicate image bytes (same lesion),"T1C+ - Trigeminal schwannoma cerebellopontine angle , trigeminal 018"
"T1C+ - Trigeminal schwannoma cerebellopontine angle , trigeminal 012",duplicate image bytes (same lesion),"T1C+ - Trigeminal schwannoma cerebellopontine angle , trigeminal 017"
"T1C+ - Trigeminal schwannoma cerebellopontine angle , trigeminal 013",duplicate image bytes (same lesion),"T1C+ - Trigeminal schwannoma cerebellopontine angle , trigeminal 016"
"T1C+ - Trigeminal schwannoma cerebellopontine angle , trigeminal 014",duplicate image bytes (same lesion),"T1C+ - Trigeminal schwannoma cerebellopontine angle , trigeminal 015"
"T1C+ - Trigeminal schwannoma middle cranial fossa , ventricle 013",duplicate image bytes (same lesion),"T1C+ - Trigeminal schwannoma middle cranial fossa , ventricle 012"
"T1C+ - Trigeminal schwannoma trigeminal , cerebellopontine angle 167",duplicate image bytes (same lesion),"T1C+ - Trigeminal schwannoma trigeminal , cerebellopontine angle 289"
"T1C+ - Trigeminal schwannoma trigeminal , cerebellopontine angle 168",duplicate image bytes (same lesion),"T1C+ - Trigeminal schwannoma trigeminal , cerebellopontine angle 288"
"T1C+ - Trigeminal schwannoma trigeminal , cerebellopontine angle 169",duplicate image bytes (same lesion),"T1C+ - Trigeminal schwannoma trigeminal , cerebellopontine angle 286"
"T1C+ - Trigeminal schwannoma trigeminal , cerebellopontine angle 171",duplicate image bytes (same lesion),"T1C+ - Trigeminal schwannoma trigeminal , cerebellopontine angle 283"
"T1C+ - Trigeminal schwannoma trigeminal , cerebellopontine angle 172",duplicate image bytes (same lesion),"T1C+ - Trigeminal schwannoma trigeminal , cerebellopontine angle 282"
"T1C+ - Trigeminal schwannoma trigeminal , cerebellopontine angle 173",duplicate image bytes (same lesion),"T1C+ - Trigeminal schwannoma trigeminal , cerebellopontine angle 281"
"T1C+ - Trigeminal schwannoma trigeminal , cerebellopontine angle 174",duplicate image bytes (same lesion),"T1C+ - Trigeminal schwannoma trigeminal , cerebellopontine angle 280"
"T1C+ - Trigeminal schwannoma trigeminal , cerebellopontine angle 175",duplicate image bytes (same lesion),"T1C+ - Trigeminal schwannoma trigeminal , cerebellopontine angle 279"
"T1C+ - Trigeminal schwannoma trigeminal , cerebellopontine angle 176",duplicate image bytes (same lesion),"T1C+ - Trigeminal schwannoma trigeminal , cerebellopontine angle 278"
"T1C+ - Trigeminal schwannoma trigeminal , cerebellopontine angle 177",duplicate image bytes (same lesion),"T1C+ - Trigeminal schwannoma trigeminal , cerebellopontine angle 277"
"T1C+ - Trigeminal schwannoma trigeminal , cerebellopontine angle 178",duplicate image bytes (same lesion),"T1C+ - Trigeminal schwannoma trigeminal , cerebellopontine angle 276"
"T1C+ - Trigeminal schwannoma trigeminal , cerebellopontine angle 180",duplicate image bytes (same lesion),"T1C+ - Trigeminal schwannoma trigeminal , cerebellopontine angle 273"
"T1C+ - Trigeminal schwannoma trigeminal , cerebellopontine angle 184",duplicate image bytes (same lesion),"T1C+ - Trigeminal schwannoma trigeminal , cerebellopontine angle 269"
"T1C+ - Trigeminal schwannoma trigeminal , cerebellopontine angle 185",duplicate image bytes (same lesion),"T1C+ - Trigeminal schwannoma trigeminal , cerebellopontine angle 268"
"T1C+ - Trigeminal schwannoma trigeminal , cerebellopontine angle 187",duplicate image bytes (same lesion),"T1C+ - Trigeminal schwannoma trigeminal , cerebellopontine angle 266"
"T1C+ - Trigeminal schwannoma trigeminal , cerebellopontine angle 188",duplicate image bytes (same lesion),"T1C+ - Trigeminal schwannoma trigeminal , cerebellopontine angle 265"
"T1C+ - Trigeminal schwannoma trigeminal , cerebellopontine angle 189",duplicate image bytes (same lesion),"T1C+ - Trigeminal schwannoma trigeminal , cerebellopontine angle 264"
"T1C+ - Trigeminal schwannoma trigeminal , cerebellopontine angle 190",duplicate image bytes (same lesion),"T1C+ - Trigeminal schwannoma trigeminal , cerebellopontine angle 263"
"T1C+ - Trigeminal schwannoma trigeminal , cerebellopontine angle 191",duplicate image bytes (same lesion),"T1C+ - Trigeminal schwannoma trigeminal , cerebellopontine angle 262"
"T1C+ - Trigeminal schwannoma trigeminal , cerebellopontine angle 193",duplicate image bytes (same lesion),"T1C+ - Trigeminal schwannoma trigeminal , cerebellopontine angle 260"
"T1C+ - Trigeminal schwannoma trigeminal , cerebellopontine angle 199",duplicate image bytes (same lesion),"T1C+ - Trigeminal schwannoma trigeminal , cerebellopontine angle 254"
"T1C+ - Trigeminal schwannoma trigeminal , cerebellopontine angle 203",duplicate image bytes (same lesion),"T1C+ - Trigeminal schwannoma trigeminal , cerebellopontine angle 250"
"T1C+ - Trigeminal schwannoma trigeminal , cerebellopontine angle 208",duplicate image bytes (same lesion),"T1C+ - Trigeminal schwannoma trigeminal , cerebellopontine angle 243"
"T1C+ - Trigeminal schwannoma trigeminal , cerebellopontine angle 210",duplicate image bytes (same lesion),"T1C+ - Trigeminal schwannoma trigeminal , cerebellopontine angle 241"
"T1C+ - Trigeminal schwannoma trigeminal , cerebellopontine angle 211",duplicate image bytes (same lesion),"T1C+ - Trigeminal schwannoma trigeminal , cerebellopontine angle 240"
"T1C+ - Trigeminal schwannoma trigeminal , cerebellopontine angle 212",duplicate image bytes (same lesion),"T1C+ - Trigeminal schwannoma trigeminal , cerebellopontine angle 239"
"T1C+ - Trigeminal schwannoma trigeminal , cerebellopontine angle 213",duplicate image bytes (same lesion),"T1C+ - Trigeminal schwannoma trigeminal , cerebellopontine angle 238"
"T1C+ - Trigeminal schwannoma trigeminal , cerebellopontine angle 216",duplicate image bytes (same lesion),"T1C+ - Trigeminal schwannoma trigeminal , cerebellopontine angle 235"
"T1C+ - Trigeminal schwannoma trigeminal , cerebellopontine angle 218",duplicate image bytes (same lesion),"T1C+ - Trigeminal schwannoma trigeminal , cerebellopontine angle 232"
"T1C+ - Trigeminal schwannoma trigeminal , cerebellopontine angle 219",duplicate image bytes (same lesion),"T1C+ - Trigeminal schwannoma trigeminal , cerebellopontine angle 231"
"T1C+ - Trigeminal schwannoma trigeminal , cerebellopontine angle 233",duplicate image bytes (same lesion),"T1C+ - Trigeminal schwannoma trigeminal , cerebellopontine angle 232"
"T1C+ - Trigeminal schwannoma trigeminal , cerebellopontine angle 234",duplicate image bytes (same lesion),"T1C+ - Trigeminal schwannoma trigeminal , cerebellopontine angle 217"
"T1C+ - Trigeminal schwannoma trigeminal , cerebellopontine angle 236",duplicate image bytes (same lesion),"T1C+ - Trigeminal schwannoma trigeminal , cerebellopontine angle 215"
"T1C+ - Trigeminal schwannoma trigeminal , cerebellopontine angle 237",duplicate image bytes (same lesion),"T1C+ - Trigeminal schwannoma trigeminal , cerebellopontine angle 214"
"T1C+ - Trigeminal schwannoma trigeminal , cerebellopontine angle 242",duplicate image bytes (same lesion),"T1C+ - Trigeminal schwannoma trigeminal , cerebellopontine angle 209"
"T1C+ - Trigeminal schwannoma trigeminal , cerebellopontine angle 244",duplicate image bytes (same lesion),"T1C+ - Trigeminal schwannoma trigeminal , cerebellopontine angle 207"
"T1C+ - Trigeminal schwannoma trigeminal , cerebellopontine angle 245",duplicate image bytes (same lesion),"T1C+ - Trigeminal schwannoma trigeminal , cerebellopontine angle 207"
"T1C+ - Trigeminal schwannoma trigeminal , cerebellopontine angle 246",duplicate image bytes (same lesion),"T1C+ - Trigeminal schwannoma trigeminal , cerebellopontine angle 206"
"T1C+ - Trigeminal schwannoma trigeminal , cerebellopontine angle 247",duplicate image bytes (same lesion),"T1C+ - Trigeminal schwannoma trigeminal , cerebellopontine angle 205"
"T1C+ - Trigeminal schwannoma trigeminal , cerebellopontine angle 248",duplicate image bytes (same lesion),"T1C+ - Trigeminal schwannoma trigeminal , cerebellopontine angle 204"
"T1C+ - Trigeminal schwannoma trigeminal , cerebellopontine angle 249",duplicate image bytes (same lesion),"T1C+ - Trigeminal schwannoma trigeminal , cerebellopontine angle 204"
"T1C+ - Trigeminal schwannoma trigeminal , cerebellopontine angle 251",duplicate image bytes (same lesion),"T1C+ - Trigeminal schwannoma trigeminal , cerebellopontine angle 202"
"T1C+ - Trigeminal schwannoma trigeminal , cerebellopontine angle 252",duplicate image bytes (same lesion),"T1C+ - Trigeminal schwannoma trigeminal , cerebellopontine angle 201"
"T1C+ - Trigeminal schwannoma trigeminal , cerebellopontine angle 253",duplicate image bytes (same lesion),"T1C+ - Trigeminal schwannoma trigeminal , cerebellopontine angle 200"
"T1C+ - Trigeminal schwannoma trigeminal , cerebellopontine angle 255",duplicate image bytes (same lesion),"T1C+ - Trigeminal schwannoma trigeminal , cerebellopontine angle 198"
"T1C+ - Trigeminal schwannoma trigeminal , cerebellopontine angle 256",duplicate image bytes (same lesion),"T1C+ - Trigeminal schwannoma trigeminal , cerebellopontine angle 197"
"T1C+ - Trigeminal schwannoma trigeminal , cerebellopontine angle 257",duplicate image bytes (same lesion),"T1C+ - Trigeminal schwannoma trigeminal , cerebellopontine angle 196"
"T1C+ - Trigeminal schwannoma trigeminal , cerebellopontine angle 258",duplicate image bytes (same lesion),"T1C+ - Trigeminal schwannoma trigeminal , cerebellopontine angle 195"
"T1C+ - Trigeminal schwannoma trigeminal , cerebellopontine angle 259",duplicate image bytes (same lesion),"T1C+ - Trigeminal schwannoma trigeminal , cerebellopontine angle 194"
"T1C+ - Trigeminal schwannoma trigeminal , cerebellopontine angle 261",duplicate image bytes (same lesion),"T1C+ - Trigeminal schwannoma trigeminal , cerebellopontine angle 192"
"T1C+ - Trigeminal schwannoma trigeminal , cerebellopontine angle 267",duplicate image bytes (same lesion),"T1C+ - Trigeminal schwannoma trigeminal , cerebellopontine angle 186"
"T1C+ - Trigeminal schwannoma trigeminal , cerebellopontine angle 270",duplicate image bytes (same lesion),"T1C+ - Trigeminal schwannoma trigeminal , cerebellopontine angle 269"
"T1C+ - Trigeminal schwannoma trigeminal , cerebellopontine angle 271",duplicate image bytes (same lesion),"T1C+ - Trigeminal schwannoma trigeminal , cerebellopontine angle 182"
"T1C+ - Trigeminal schwannoma trigeminal , cerebellopontine angle 272",duplicate image bytes (same lesion),"T1C+ - Trigeminal schwannoma trigeminal , cerebellopontine angle 181"
"T1C+ - Trigeminal schwannoma trigeminal , cerebellopontine angle 275",duplicate image bytes (same lesion),"T1C+ - Trigeminal schwannoma trigeminal , cerebellopontine angle 179"
"T1C+ - Trigeminal schwannoma trigeminal , cerebellopontine angle 284",duplicate image bytes (same lesion),"T1C+ - Trigeminal schwannoma trigeminal , cerebellopontine angle 283"
"T1C+ - Trigeminal schwannoma trigeminal , cerebellopontine angle 285",duplicate image bytes (same lesion),"T1C+ - Trigeminal schwannoma trigeminal , cerebellopontine angle 170"
T1C+ - Trigeminal schwannoma ventricle 138,duplicate image bytes (same lesion),T1C+ - Trigeminal schwannoma ventricle 139
T1C+ - Vestibular schwannoma 006,duplicate image bytes (same lesion),T1C+ - Vestibular schwannoma 007
"T1C+ - Vestibular schwannoma cerebellopontine angle , brainstem 016",duplicate image bytes (same lesion),"T1C+ - Vestibular schwannoma cerebellopontine angle , brainstem 015"
"T2 - Acoustic schwannoma cerebellopontine angle , tentorial 008",duplicate image bytes (same lesion),"T1 - Acoustic schwannoma cerebellopontine angle , tentorial 004"
T2 - Acoustic schwannoma ventricle 018,duplicate image bytes (same lesion),T2 - Acoustic schwannoma ventricle 017
T2 - Anaplastic astrocytoma (pineal region) 009,duplicate image bytes (same lesion),T2 - Anaplastic astrocytoma (pineal region) 010
T2 - Anaplastic astrocytoma - thalamic glioma posterior fossa 003,duplicate image bytes (same lesion),T2 - Anaplastic astrocytoma - thalamic glioma posterior fossa 002
T2 - Anaplastic astrocytoma - thalamic glioma posterior fossa 004,duplicate image bytes (same lesion),T2 - Anaplastic astrocytoma - thalamic glioma posterior fossa 002
T2 - Anaplastic astrocytoma - thalamic glioma posterior fossa 005,duplicate image bytes (same lesion),T2 - Anaplastic astrocytoma - thalamic glioma posterior fossa 007
T2 - Anaplastic astrocytoma - thalamic glioma posterior fossa 006,duplicate image bytes (same lesion),T2 - Anaplastic astrocytoma - thalamic glioma posterior fossa 007
T2 - Anaplastic astrocytoma - thalamic glioma posterior fossa 008,duplicate image bytes (same lesion),T2 - Anaplastic astrocytoma - thalamic glioma posterior fossa 010
T2 - Anaplastic astrocytoma - thalamic glioma posterior fossa 009,duplicate image bytes (same lesion),T2 - Anaplastic astrocytoma - thalamic glioma posterior fossa 010
T2 - Anaplastic astrocytoma NOS temporal 001,duplicate image bytes (same lesion),T2 - Anaplastic astrocytoma NOS temporal 003
T2 - Anaplastic astrocytoma NOS temporal 002,duplicate image bytes (same lesion),T2 - Anaplastic astrocytoma NOS temporal 003
"T2 - Anaplastic astrocytoma frontal , ventricle 013",duplicate image bytes (same lesion),"T2 - Anaplastic astrocytoma frontal , ventricle 017"
"T2 - Anaplastic astrocytoma frontal , ventricle 014",duplicate image bytes (same lesion),"T2 - Anaplastic astrocytoma frontal , ventricle 018"
"T2 - Anaplastic astrocytoma frontal , ventricle 015",duplicate image bytes (same lesion),"T2 - Anaplastic astrocytoma frontal , ventricle 019"
"T2 - Anaplastic astrocytoma frontal , ventricle 016",duplicate image bytes (same lesion),"T2 - Anaplastic astrocytoma frontal , ventricle 012"
"T2 - Astrocytoma, IDH-mutant - grade 4 parietal , frontal 003",duplicate image bytes (same lesion),"T2 - Astrocytoma, IDH-mutant - grade 4 parietal , frontal 002"
"T2 - Astrocytoma, IDH-mutant - grade 4 parietal , frontal 005",duplicate image bytes (same lesion),"T2 - Astrocytoma, IDH-mutant - grade 4 parietal , frontal 004"
"T2 - Astrocytoma, IDH-mutant - grade 4 parietal , frontal 008",duplicate image bytes (same lesion),"T2 - Astrocytoma, IDH-mutant - grade 4 parietal , frontal 007"
"T2 - Astrocytoma, IDH-mutant - grade 4 parietal , frontal 010",duplicate image bytes (same lesion),"T2 - Astrocytoma, IDH-mutant - grade 4 parietal , frontal 009"
"T2 - Astrocytoma, IDH-mutant - grade 4 parietal , frontal 012",duplicate image bytes (same lesion),"T2 - Astrocytoma, IDH-mutant - grade 4 parietal , frontal 011"
"T2 - Astrocytoma, IDH-mutant - grade 4 parietal , frontal 013",duplicate image bytes (same lesion),"T2 - Astrocytoma, IDH-mutant - grade 4 parietal , frontal 014"
"T2 - Astrocytoma, IDH-mutant - grade 4 parietal , frontal 015",duplicate image bytes (same lesion),"T2 - Astrocytoma, IDH-mutant - grade 4 parietal , frontal 016"
"T2 - Astrocytoma, IDH-mutant - grade 4 parietal , frontal 017",duplicate image bytes (same lesion),"T2 - Astrocytoma, IDH-mutant - grade 4 parietal , frontal 018"
"T2 - Central neurocytoma intraventricular , ventricle 082",duplicate image bytes (same lesion),"T2 - Central neurocytoma intraventricular , ventricle 081"
"T2 - Central neurocytoma intraventricular , ventricle 083",duplicate image bytes (same lesion),"T2 - Central neurocytoma intraventricular , ventricle 084"
T2 - Central neurocytoma ventricle 091,duplicate image bytes (same lesion),T2 - Central neurocytoma ventricle 090
T2 - Chordoid meningioma 001,duplicate image bytes (same lesion),T2 - Chordoid meningioma 002
T2 - Chordoid meningioma 003,duplicate image bytes (same lesion),T2 - Chordoid meningioma 002
T2 - Convexity cystic meningioma ventricle 003,duplicate image bytes (same lesion),T2 - Convexity cystic meningioma ventricle 002
"T2 - Diffuse astrocytoma NOS (corpus callosum) tentorial , frontal 004",duplicate image bytes (same lesion),"T2 - Diffuse astrocytoma NOS (corpus callosum) tentorial , frontal 005"
"T2 - Diffuse astrocytoma NOS (corpus callosum) tentorial , frontal 007",duplicate image bytes (same lesion),"T2 - Diffuse astrocytoma NOS (corpus callosum) tentorial , frontal 006"
"T2 - Diffuse astrocytoma NOS (corpus callosum) tentorial , frontal 009",duplicate image bytes (same lesion),"T2 - Diffuse astrocytoma NOS (corpus callosum) tentorial , frontal 010"
"T2 - Diffuse astrocytoma NOS (protoplasmic) temporal , frontal 002",duplicate image bytes (same lesion),"T2 - Diffuse astrocytoma NOS (protoplasmic) temporal , frontal 001"
"T2 - Diffuse astrocytoma NOS (protoplasmic) temporal , frontal 003",duplicate image bytes (same lesion),"T2 - Diffuse astrocytoma NOS (protoplasmic) temporal , frontal 001"
"T2 - Diffuse astrocytoma NOS frontal , basal ganglia 004",duplicate image bytes (same lesion),"T2 - Diffuse astrocytoma NOS frontal , basal ganglia 005"
"T2 - Diffuse astrocytoma NOS frontal , basal ganglia 006",duplicate image bytes (same lesion),"T2 - Diffuse astrocytoma NOS frontal , basal ganglia 005"
"T2 - Diffuse astrocytoma NOS frontal , basal ganglia 008",duplicate image bytes (same lesion),"T2 - Diffuse astrocytoma NOS frontal , basal ganglia 007"
"T2 - Diffuse astrocytoma NOS frontal , basal ganglia 010",duplicate image bytes (same lesion),"T2 - Diffuse astrocytoma NOS frontal , basal ganglia 009"
"T2 - Diffuse astrocytoma NOS frontal , basal ganglia 014",duplicate image bytes (same lesion),"T2 - Diffuse astrocytoma NOS frontal , basal ganglia 015"
T2 - Diffuse astrocytoma NOS frontal 125,duplicate image bytes (same lesion),T2 - Diffuse astrocytoma NOS frontal 124
T2 - Diffuse astrocytoma NOS temporal 001,duplicate image bytes (same lesion),T2 - Diffuse astrocytoma NOS temporal 002
T2 - Diffuse astrocytoma NOS temporal 003,duplicate image bytes (same lesion),T2 - Diffuse astrocytoma NOS temporal 002
T2 - Diffuse astrocytoma NOS temporal 004,duplicate image bytes (same lesion),T2 - Diffuse astrocytoma NOS temporal 006
T2 - Diffuse astrocytoma NOS temporal 005,duplicate image bytes (same lesion),T2 - Diffuse astrocytoma NOS temporal 006
T2 - Diffuse astrocytoma NOS temporal 008,duplicate image bytes (same lesion),T2 - Diffuse astrocytoma NOS temporal 007
T2 - Diffuse astrocytoma NOS temporal 009,duplicate image bytes (same lesion),T2 - Diffuse astrocytoma NOS temporal 007
T2 - Diffuse astrocytoma NOS temporal 010,duplicate image bytes (same lesion),T2 - Diffuse astrocytoma NOS temporal 012
T2 - Diffuse astrocytoma NOS temporal 011,duplicate image bytes (same lesion),T2 - Diffuse astrocytoma NOS temporal 012
T2 - Diffuse astrocytoma NOS temporal 013,duplicate image bytes (same lesion),T2 - Diffuse astrocytoma NOS temporal 014
"T2 - Diffuse astrocytoma frontal , temporal 019",duplicate image bytes (same lesion),"T2 - Diffuse astrocytoma frontal , temporal 026"
T2 - Dysembryoplastic neuroepithelial tumor (DNET) 006,duplicate image bytes (same lesion),T2 - Dysembryoplastic neuroepithelial tumor (DNET) 005
"T2 - Dysembryoplastic neuroepithelial tumor (DNET) frontal , anterior cranial fossa 002",duplicate image bytes (same lesion),"T2 - Dysembryoplastic neuroepithelial tumor (DNET) frontal , anterior cranial fossa 003"
"T2 - Dysembryoplastic neuroepithelial tumor (DNET) frontal , anterior cranial fossa 004",duplicate image bytes (same lesion),"T2 - Dysembryoplastic neuroepithelial tumor (DNET) frontal , anterior cranial fossa 005"
"T2 - Dysembryoplastic neuroepithelial tumor (DNET) frontal , anterior cranial fossa 007",duplicate image bytes (same lesion),"T2 - Dysembryoplastic neuroepithelial tumor (DNET) frontal , anterior cranial fossa 006"
"T2 - Dysembryoplastic neuroepithelial tumor (DNET) frontal , ventricle 005",duplicate image bytes (same lesion),"T2 - Dysembryoplastic neuroepithelial tumor (DNET) frontal , ventricle 004"
T2 - Dysembryoplastic neuroepithelial tumor (DNET) frontal 002,duplicate image bytes (same lesion),T2 - Dysembryoplastic neuroepithelial tumor (DNET) frontal 001
T2 - Dysembryoplastic neuroepithelial tumor (DNET) temporal 014,duplicate image bytes (same lesion),T2 - Dysembryoplastic neuroepithelial tumor (DNET) temporal 015
T2 - Dysembryoplastic neuroepithelial tumor (DNET) temporal 017,duplicate image bytes (same lesion),T2 - Dysembryoplastic neuroepithelial tumor (DNET) temporal 016
T2 - Dysembryoplastic neuroepithelial tumor (DNET) temporal 018,duplicate image bytes (same lesion),T2 - Dysembryoplastic neuroepithelial tumor (DNET) temporal 019
T2 - Dysembryoplastic neuroepithelial tumor (DNET) temporal 021,duplicate image bytes (same lesion),T2 - Dysembryoplastic neuroepithelial tumor (DNET) temporal 022
T2 - Dysembryoplastic neuroepithelial tumor (DNET) temporal 024,duplicate image bytes (same lesion),T2 - Dysembryoplastic neuroepithelial tumor (DNET) temporal 023
T2 - Dysembryoplastic neuroepithelial tumor frontal 002,duplicate image bytes (same lesion),T2 - Dysembryoplastic neuroepithelial tumor frontal 001
T2 - Dysembryoplastic neuroepithelial tumor temporal 005,duplicate image bytes (same lesion),T2 - Dysembryoplastic neuroepithelial tumor temporal 004
"T2 - Ependymoma ventricle , brainstem 025",duplicate image bytes (same lesion),"T2 - Ependymoma ventricle , brainstem 027"
"T2 - Ependymoma ventricle , brainstem 026",duplicate image bytes (same lesion),"T2 - Ependymoma ventricle , brainstem 027"
T2 - Ganglioglioma - occipital lobe occipital 002,duplicate image bytes (same lesion),T2 - Ganglioglioma - occipital lobe occipital 001
T2 - Ganglioglioma 027,duplicate image bytes (same lesion),T2 - Ganglioglioma 026
T2 - Ganglioglioma frontal 003,duplicate image bytes (same lesion),T2 - Ganglioglioma frontal 002
T2 - Ganglioglioma occipital 002,duplicate image bytes (same lesion),T2 - Ganglioglioma occipital 001
T2 - Ganglioglioma temporal 048,duplicate image bytes (same lesion),T2 - Ganglioglioma temporal 049
T2 - Ganglioglioma temporal 054,duplicate image bytes (same lesion),T2 - Ganglioglioma temporal 055
"T2 - Gemistocytic astrocytoma (anaplastic) frontal , ventricle 015",duplicate image bytes (same lesion),"T2 - Gemistocytic astrocytoma (anaplastic) frontal , ventricle 016"
T2 - Glioblastoma - early frontal 001,duplicate image bytes (same lesion),T2 - Glioblastoma - early frontal 002
"T2 - Glioblastoma - recurrent frontal , parietal 004",duplicate image bytes (same lesion),"T2 - Glioblastoma - recurrent frontal , parietal 003"
T2 - Glioblastoma NOS frontal 004,duplicate image bytes (same lesion),T2 - Glioblastoma NOS frontal 005
T2 - Glioblastoma NOS parietal 002,duplicate image bytes (same lesion),T2 - Glioblastoma NOS parietal 001
T2 - Glioblastoma NOS parietal 003,duplicate image bytes (same lesion),T2 - Glioblastoma NOS parietal 001
T2 - Glioblastoma NOS temporal 017,duplicate image bytes (same lesion),T2 - Glioblastoma NOS temporal 018
T2 - Glioblastoma temporal 009,duplicate image bytes (same lesion),T2 - Glioblastoma temporal 008
T2 - Glioblastoma temporal 010,duplicate image bytes (same lesion),T2 - Glioblastoma temporal 011
T2 - Glioblastoma temporal 016,duplicate image bytes (same lesion),T2 - Glioblastoma temporal 015
"T2 - Intracranial ependymoma cerebellopontine angle , ventricle 004",duplicate image bytes (same lesion),"T2 - Intracranial ependymoma cerebellopontine angle , ventricle 003"
T2 - Intracranial multifocal germinoma 004,duplicate image bytes (same lesion),T2 - Intracranial multifocal germinoma 005
T2 - Intraventricular ganglioglioma 002,duplicate image bytes (same lesion),T2 - Intraventricular ganglioglioma 003
"T2 - Intraventricular meningioma (fibroblastic meningioma) ventricle , frontal 027",duplicate image bytes (same lesion),"T2 - Intraventricular meningioma (fibroblastic meningioma) ventricle , frontal 026"
"T2 - Intraventricular meningioma ventricle , parietal 027",duplicate image bytes (same lesion),"T2 - Intraventricular meningioma ventricle , parietal 026"
"T2 - Intraventricular meningioma ventricle , parietal 028",duplicate image bytes (same lesion),"T2 - Intraventricular meningioma ventricle , parietal 026"
"T2 - Intraventricular meningioma ventricle , parietal 029",duplicate image bytes (same lesion),"T2 - Intraventricular meningioma ventricle , parietal 026"
"T2 - Intraventricular meningioma ventricle , parietal 031",duplicate image bytes (same lesion),"T2 - Intraventricular meningioma ventricle , parietal 030"
"T2 - Intraventricular meningioma ventricle , parietal 032",duplicate image bytes (same lesion),"T2 - Intraventricular meningioma ventricle , parietal 030"
"T2 - Intraventricular meningioma ventricle , parietal 033",duplicate image bytes (same lesion),"T2 - Intraventricular meningioma ventricle , parietal 034"
"T2 - Intraventricular meningioma ventricle , parietal 035",duplicate image bytes (same lesion),"T2 - Intraventricular meningioma ventricle , parietal 034"
"T2 - Intraventricular meningioma ventricle , parietal 036",duplicate image bytes (same lesion),"T2 - Intraventricular meningioma ventricle , parietal 037"
"T2 - Intraventricular meningioma ventricle , parietal 038",duplicate image bytes (same lesion),"T2 - Intraventricular meningioma ventricle , parietal 039"
"T2 - Jugular foramen schwannoma with cystic degeneration brainstem , basal ganglia 002",duplicate image bytes (same lesion),"T2 - Jugular foramen schwannoma with cystic degeneration brainstem , basal ganglia 001"
"T2 - Jugular foramen schwannoma with cystic degeneration brainstem , basal ganglia 006",duplicate image bytes (same lesion),"T2 - Jugular foramen schwannoma with cystic degeneration brainstem , basal ganglia 005"
"T2 - Jugular foramen schwannoma with cystic degeneration brainstem , basal ganglia 007",duplicate image bytes (same lesion),"T2 - Jugular foramen schwannoma with cystic degeneration brainstem , basal ganglia 005"
T2 - Medulloblastoma - desmoplasticnodular pineal 001,duplicate image bytes (same lesion),T2 - Medulloblastoma - desmoplasticnodular pineal 002
T2 - Medulloblastoma 017,duplicate image bytes (same lesion),T2 - Medulloblastoma 018
T2 - Medulloblastoma 027,duplicate image bytes (same lesion),T2 - Medulloblastoma 028
T2 - Medulloblastoma 033,duplicate image bytes (same lesion),T2 - Medulloblastoma 032
T2 - Medulloblastoma 037,duplicate image bytes (same lesion),T2 - Medulloblastoma 038
"T2 - Medulloblastoma infratentorial , posterior fossa 004",duplicate image bytes (same lesion),"T2 - Medulloblastoma infratentorial , posterior fossa 003"
"T2 - Medulloblastoma infratentorial , posterior fossa 005",duplicate image bytes (same lesion),"T2 - Medulloblastoma infratentorial , posterior fossa 007"
"T2 - Medulloblastoma infratentorial , posterior fossa 006",duplicate image bytes (same lesion),"T2 - Medulloblastoma infratentorial , posterior fossa 007"
"T2 - Medulloblastoma infratentorial , posterior fossa 009",duplicate image bytes (same lesion),"T2 - Medulloblastoma infratentorial , posterior fossa 008"
"T2 - Medulloblastoma posterior fossa , ventricle 039",duplicate image bytes (same lesion),"T2 - Medulloblastoma posterior fossa , ventricle 040"
"T2 - Medulloblastoma posterior fossa , ventricle 041",duplicate image bytes (same lesion),"T2 - Medulloblastoma posterior fossa , ventricle 043"
"T2 - Medulloblastoma posterior fossa , ventricle 042",duplicate image bytes (same lesion),"T2 - Medulloblastoma posterior fossa , ventricle 043"
"T2 - Medulloblastoma posterior fossa , ventricle 045",duplicate image bytes (same lesion),"T2 - Medulloblastoma posterior fossa , ventricle 044"
"T2 - Medulloblastoma posterior fossa , ventricle 046",duplicate image bytes (same lesion),"T2 - Medulloblastoma posterior fossa , ventricle 044"
"T2 - Medulloblastoma posterior fossa , ventricle 053",duplicate image bytes (same lesion),"T2 - Medulloblastoma posterior fossa , ventricle 054"
"T2 - Medulloblastoma posterior fossa , ventricle 055",duplicate image bytes (same lesion),"T2 - Medulloblastoma posterior fossa , ventricle 057"
"T2 - Medulloblastoma posterior fossa , ventricle 056",duplicate image bytes (same lesion),"T2 - Medulloblastoma posterior fossa , ventricle 057"
"T2 - Medulloblastoma posterior fossa , ventricle 058",duplicate image bytes (same lesion),"T2 - Medulloblastoma posterior fossa , ventricle 057"
T2 - Medulloblastoma posterior fossa 001,duplicate image bytes (same lesion),T2 - Medulloblastoma posterior fossa 002
T2 - Medulloblastoma posterior fossa 003,duplicate image bytes (same lesion),T2 - Medulloblastoma posterior fossa 002
T2 - Medulloblastoma posterior fossa 004,duplicate image bytes (same lesion),T2 - Medulloblastoma posterior fossa 002
"T2 - Medulloblastoma ventricle , posterior fossa 005",duplicate image bytes (same lesion),"T2 - Medulloblastoma ventricle , posterior fossa 006"
T2 - Medulloblastoma ventricle 002,duplicate image bytes (same lesion),T2 - Medulloblastoma ventricle 003
T2 - Meningioma - microcystic frontal 001,duplicate image bytes (same lesion),T1C+ - Meningioma - microcystic frontal 007
T2 - Meningioma frontal 083,duplicate image bytes (same lesion),T2 - Meningioma frontal 082
T2 - Meningioma frontal 084,duplicate image bytes (same lesion),T2 - Meningioma frontal 082
T2 - Meningioma frontal 106,duplicate image bytes (same lesion),T2 - Meningioma frontal 105
"T2 - Meningioma mimicking vestibular schwannoma cerebellopontine angle , ventricle 007",duplicate image bytes (same lesion),"T2 - Meningioma mimicking vestibular schwannoma cerebellopontine angle , ventricle 006"
T2 - Meningioma temporal 005,duplicate image bytes (same lesion),T2 - Meningioma temporal 007
T2 - Meningioma temporal 006,duplicate image bytes (same lesion),T2 - Meningioma temporal 007
T2 - Meningioma temporal 008,duplicate image bytes (same lesion),T2 - Meningioma temporal 007
"T2 - Meningioma ventricle , brainstem 029",duplicate image bytes (same lesion),"T2 - Meningioma ventricle , brainstem 031"
"T2 - Meningioma ventricle , brainstem 030",duplicate image bytes (same lesion),"T2 - Meningioma ventricle , brainstem 031"
"T2 - Meningioma ventricle , brainstem 032",duplicate image bytes (same lesion),"T2 - Meningioma ventricle , brainstem 031"
"T2 - Multicentric glioblastoma frontal , parietal 003",duplicate image bytes (same lesion),"T2 - Multicentric glioblastoma frontal , parietal 004"
"T2 - Multicentric glioblastoma frontal , parietal 005",duplicate image bytes (same lesion),"T2 - Multicentric glioblastoma frontal , parietal 006"
"T2 - Multicentric glioblastoma frontal , parietal 007",duplicate image bytes (same lesion),"T2 - Multicentric glioblastoma frontal , parietal 008"
"T2 - Multicentric glioblastoma frontal , parietal 012",duplicate image bytes (same lesion),"T2 - Multicentric glioblastoma frontal , parietal 011"
"T2 - Multicentric glioblastoma parietal , ventricle 003",duplicate image bytes (same lesion),"T2 - Multicentric glioblastoma parietal , ventricle 013"
"T2 - Multicentric glioblastoma parietal , ventricle 004",duplicate image bytes (same lesion),"T2 - Multicentric glioblastoma parietal , ventricle 012"
"T2 - Multicentric glioblastoma parietal , ventricle 005",duplicate image bytes (same lesion),"T2 - Multicentric glioblastoma parietal , ventricle 011"
"T2 - Multicentric glioblastoma parietal , ventricle 006",duplicate image bytes (same lesion),"T2 - Multicentric glioblastoma parietal , ventricle 010"
"T2 - Multicentric glioblastoma parietal , ventricle 014",duplicate image bytes (same lesion),"T2 - Multicentric glioblastoma parietal , ventricle 002"
"T2 - Multicompartmental trigeminal schwannoma middle cranial fossa , temporal 010",duplicate image bytes (same lesion),"T2 - Multicompartmental trigeminal schwannoma middle cranial fossa , temporal 011"
"T2 - Multicompartmental trigeminal schwannoma middle cranial fossa , temporal 012",duplicate image bytes (same lesion),"T2 - Multicompartmental trigeminal schwannoma middle cranial fossa , temporal 013"
T2 - Olfactory groove meningioma anterior fossa 002,duplicate image bytes (same lesion),T2 - Olfactory groove meningioma anterior fossa 001
T2 - Oligodendroglioma (grade 3) frontal 008,duplicate image bytes (same lesion),T2 - Oligodendroglioma (grade 3) frontal 007
T2 - Oligodendroglioma NOS (grade 3) - hemorrhagic frontal 002,duplicate image bytes (same lesion),T2 - Oligodendroglioma NOS (grade 3) - hemorrhagic frontal 001
T2 - Oligodendroglioma NOS (grade 3) - hemorrhagic frontal 003,duplicate image bytes (same lesion),T2 - Oligodendroglioma NOS (grade 3) - hemorrhagic frontal 001
T2 - Oligodendroglioma NOS (grade 3) 001,duplicate image bytes (same lesion),T2 - Oligodendroglioma NOS (grade 3) 002
T2 - Oligodendroglioma NOS temporal 002,duplicate image bytes (same lesion),T2 - Oligodendroglioma NOS temporal 003
T2 - Oligodendroglioma NOS temporal 005,duplicate image bytes (same lesion),T2 - Oligodendroglioma NOS temporal 004
"T2 - Oligodendroglioma frontal , anterior cranial fossa 002",duplicate image bytes (same lesion),"T2 - Oligodendroglioma frontal , anterior cranial fossa 001"
T2 - Oligodendroglioma frontal 090,duplicate image bytes (same lesion),T2 - Oligodendroglioma frontal 132
T2 - Oligodendroglioma frontal 091,duplicate image bytes (same lesion),T2 - Oligodendroglioma frontal 131
T2 - Oligodendroglioma frontal 092,duplicate image bytes (same lesion),T2 - Oligodendroglioma frontal 130
T2 - Oligodendroglioma frontal 094,duplicate image bytes (same lesion),T2 - Oligodendroglioma frontal 128
T2 - Oligodendroglioma frontal 095,duplicate image bytes (same lesion),T2 - Oligodendroglioma frontal 127
T2 - Oligodendroglioma frontal 096,duplicate image bytes (same lesion),T2 - Oligodendroglioma frontal 126
T2 - Oligodendroglioma frontal 097,duplicate image bytes (same lesion),T2 - Oligodendroglioma frontal 125
T2 - Oligodendroglioma frontal 099,duplicate image bytes (same lesion),T2 - Oligodendroglioma frontal 123
T2 - Oligodendroglioma frontal 100,duplicate image bytes (same lesion),T2 - Oligodendroglioma frontal 122
T2 - Oligodendroglioma frontal 101,duplicate image bytes (same lesion),T2 - Oligodendroglioma frontal 121
T2 - Oligodendroglioma frontal 124,duplicate image bytes (same lesion),T2 - Oligodendroglioma frontal 098
T2 - Oligodendroglioma frontal 129,duplicate image bytes (same lesion),T2 - Oligodendroglioma frontal 093
"T2 - Oligodendroglioma parietal , temporal 011",duplicate image bytes (same lesion),"T2 - Oligodendroglioma parietal , temporal 012"
"T2 - Petroclival meningioma clivus , brainstem 002",duplicate image bytes (same lesion),"T2 - Petroclival meningioma clivus , brainstem 001"
"T2 - Pilocytic astrocytoma - suprasellar suprasellar , ventricle 007",duplicate image bytes (same lesion),"T2 - Pilocytic astrocytoma - suprasellar suprasellar , ventricle 008"
"T2 - Pilocytic astrocytoma - suprasellar suprasellar , ventricle 009",duplicate image bytes (same lesion),"T2 - Pilocytic astrocytoma - suprasellar suprasellar , ventricle 008"
"T2 - Pilocytic astrocytoma - suprasellar suprasellar , ventricle 010",duplicate image bytes (same lesion),"T2 - Pilocytic astrocytoma - suprasellar suprasellar , ventricle 011"
"T2 - Pilocytic astrocytoma posterior fossa , frontal 006",duplicate image bytes (same lesion),"T2 - Pilocytic astrocytoma posterior fossa , frontal 007"
"T2 - Pilocytic astrocytoma posterior fossa , ventricle 046",duplicate image bytes (same lesion),"T2 - Pilocytic astrocytoma posterior fossa , ventricle 047"
"T2 - Pilocytic astrocytoma posterior fossa , ventricle 048",duplicate image bytes (same lesion),"T2 - Pilocytic astrocytoma posterior fossa , ventricle 047"
T2 - Pilocytic astrocytoma ventricle 076,duplicate image bytes (same lesion),T2 - Pilocytic astrocytoma ventricle 075
T2 - Pineal germinoma pineal 012,duplicate image bytes (same lesion),T2 - Pineal germinoma pineal 018
T2 - Pineal germinoma pineal 014,duplicate image bytes (same lesion),T2 - Pineal germinoma pineal 020
T2 - Pineal germinoma pineal 016,duplicate image bytes (same lesion),T2 - Pineal germinoma pineal 023
T2 - Pineal germinoma pineal 019,duplicate image bytes (same lesion),T2 - Pineal germinoma pineal 013
T2 - Pineal germinoma pineal 021,duplicate image bytes (same lesion),T2 - Pineal germinoma pineal 020
T2 - Pineal germinoma pineal 022,duplicate image bytes (same lesion),T2 - Pineal germinoma pineal 015
T2 - Pineal germinoma pineal 024,duplicate image bytes (same lesion),T2 - Pineal germinoma pineal 023
T2 - Pineal germinoma pineal 025,duplicate image bytes (same lesion),T2 - Pineal germinoma pineal 017
T2 - Pineal germinoma pineal 027,duplicate image bytes (same lesion),T2 - Pineal germinoma pineal 028
T2 - Pineal germinoma pineal 029,duplicate image bytes (same lesion),T2 - Pineal germinoma pineal 030
"T2 - Pineal germinoma with diffuse subependymal tumor spread pineal , frontal 002",duplicate image bytes (same lesion),"T2 - Pineal germinoma with diffuse subependymal tumor spread pineal , frontal 001"
T2 - Posterior fossa ependymoma ventricle 056,duplicate image bytes (same lesion),T2 - Posterior fossa ependymoma ventricle 055
T2 - Posterior fossa ependymoma ventricle 066,duplicate image bytes (same lesion),T2 - Posterior fossa ependymoma ventricle 065
T2 - Posterior fossa meningioma infratentorial 001,duplicate image bytes (same lesion),T2 - Posterior fossa meningioma infratentorial 003
T2 - Posterior fossa meningioma infratentorial 002,duplicate image bytes (same lesion),T2 - Posterior fossa meningioma infratentorial 003
T2 - Rhabdoid meningioma 032,duplicate image bytes (same lesion),T2 - Rhabdoid meningioma 033
T2 - Rhabdoid meningioma 034,duplicate image bytes (same lesion),T2 - Rhabdoid meningioma 035
T2 - Rhabdoid meningioma 036,duplicate image bytes (same lesion),T2 - Rhabdoid meningioma 037
T2 - Solitary fibrous tumor (hemangiopericytoma) 005,duplicate image bytes (same lesion),T2 - Solitary fibrous tumor (hemangiopericytoma) 006
T2 - Solitary fibrous tumor (hemangiopericytoma) 007,duplicate image bytes (same lesion),T2 - Solitary fibrous tumor (hemangiopericytoma) 008
T2 - Solitary fibrous tumor (hemangiopericytoma) falx 080,duplicate image bytes (same lesion),T2 - Solitary fibrous tumor (hemangiopericytoma) falx 081
T2 - Solitary fibrous tumor (hemangiopericytoma) falx 082,duplicate image bytes (same lesion),T2 - Solitary fibrous tumor (hemangiopericytoma) falx 083
T2 - Solitary fibrous tumor (hemangiopericytoma) falx 088,duplicate image bytes (same lesion),T2 - Solitary fibrous tumor (hemangiopericytoma) falx 093
T2 - Solitary fibrous tumor (hemangiopericytoma) falx 089,duplicate image bytes (same lesion),T2 - Solitary fibrous tumor (hemangiopericytoma) falx 094
T2 - Solitary fibrous tumor (hemangiopericytoma) falx 091,duplicate image bytes (same lesion),T2 - Solitary fibrous tumor (hemangiopericytoma) falx 087
T2 - Solitary fibrous tumor (hemangiopericytoma) falx 092,duplicate image bytes (same lesion),T2 - Solitary fibrous tumor (hemangiopericytoma) falx 093
T2 - Solitary fibrous tumor (hemangiopericytoma) falx 095,duplicate image bytes (same lesion),T2 - Solitary fibrous tumor (hemangiopericytoma) falx 090
T2 - Solitary fibrous tumor (hemangiopericytoma) falx 096,duplicate image bytes (same lesion),T2 - Solitary fibrous tumor (hemangiopericytoma) falx 090
"T2 - Solitary fibrous tumor (hemangiopericytoma) pineal , ventricle 006",duplicate image bytes (same lesion),"T2 - Solitary fibrous tumor (hemangiopericytoma) pineal , ventricle 007"
"T2 - Solitary fibrous tumor (hemangiopericytoma) pineal , ventricle 009",duplicate image bytes (same lesion),"T2 - Solitary fibrous tumor (hemangiopericytoma) pineal , ventricle 008"
"T2 - Solitary fibrous tumor (hemangiopericytoma) with peritumoural bleeding temporal , ventricle 059",duplicate image bytes (same lesion),"T2 - Solitary fibrous tumor (hemangiopericytoma) with peritumoural bleeding temporal , ventricle 060"
"T2 - Suprasellar meningioma planum sphenoidale , frontal 007",duplicate image bytes (same lesion),"T2 - Suprasellar meningioma planum sphenoidale , frontal 006"
"T2 - Suprasellar meningioma planum sphenoidale , frontal 008",duplicate image bytes (same lesion),"T2 - Suprasellar meningioma planum sphenoidale , frontal 009"
"T2 - Suprasellar meningioma planum sphenoidale , frontal 011",duplicate image bytes (same lesion),"T2 - Suprasellar meningioma planum sphenoidale , frontal 010"
"T2 - Suprasellar optic pathway pilocytic astrocytoma suprasellar , ventricle 009",duplicate image bytes (same lesion),"T2 - Suprasellar optic pathway pilocytic astrocytoma suprasellar , ventricle 008"
T2 - Supratentorial ependymoma frontal 052,duplicate image bytes (same lesion),T2 - Supratentorial ependymoma frontal 054
T2 - Supratentorial ependymoma frontal 053,duplicate image bytes (same lesion),T2 - Supratentorial ependymoma frontal 054
T2 - Supratentorial ependymoma frontal 055,duplicate image bytes (same lesion),T2 - Supratentorial ependymoma frontal 056
T2 - Supratentorial ependymoma frontal 057,duplicate image bytes (same lesion),T2 - Supratentorial ependymoma frontal 056
T2 - Supratentorial ependymoma frontal 058,duplicate image bytes (same lesion),T2 - Supratentorial ependymoma frontal 056
T2 - Supratentorial ependymoma frontal 060,duplicate image bytes (same lesion),T2 - Supratentorial ependymoma frontal 059
T2 - Supratentorial ependymoma frontal 061,duplicate image bytes (same lesion),T2 - Supratentorial ependymoma frontal 059
T2 - Supratentorial ependymoma frontal 062,duplicate image bytes (same lesion),T2 - Supratentorial ependymoma frontal 063
T2 - Supratentorial ependymoma frontal 064,duplicate image bytes (same lesion),T2 - Supratentorial ependymoma frontal 068
T2 - Supratentorial ependymoma frontal 066,duplicate image bytes (same lesion),T2 - Supratentorial ependymoma frontal 065
T2 - Supratentorial ependymoma frontal 067,duplicate image bytes (same lesion),T2 - Supratentorial ependymoma frontal 065
T2 - Supratentorial ependymoma frontal 069,duplicate image bytes (same lesion),T2 - Supratentorial ependymoma frontal 068
T2 - Supratentorial ependymoma frontal 070,duplicate image bytes (same lesion),T2 - Supratentorial ependymoma frontal 071
T2 - Supratentorial ependymoma frontal 073,duplicate image bytes (same lesion),T2 - Supratentorial ependymoma frontal 072
T2 - Supratentorial ependymoma frontal 074,duplicate image bytes (same lesion),T2 - Supratentorial ependymoma frontal 075
"T2 - Supratentorial ependymoma ventricle , basal ganglia 019",duplicate image bytes (same lesion),"T2 - Supratentorial ependymoma ventricle , basal ganglia 020"
"T2 - Tentorial meningioma posterior fossa , tentorium cerebelli 002",duplicate image bytes (same lesion),"T2 - Tentorial meningioma posterior fossa , tentorium cerebelli 001"
T2 - Trigeminal schwannoma 002,duplicate image bytes (same lesion),T2 - Trigeminal schwannoma 001
T2 - Trigeminal schwannoma 003,duplicate image bytes (same lesion),T2 - Trigeminal schwannoma 013
T2 - Trigeminal schwannoma 005,duplicate image bytes (same lesion),T2 - Trigeminal schwannoma 011
T2 - Trigeminal schwannoma 006,duplicate image bytes (same lesion),T2 - Trigeminal schwannoma 010
T2 - Trigeminal schwannoma 008,duplicate image bytes (same lesion),T2 - Trigeminal schwannoma 007
T2 - Trigeminal schwannoma 009,duplicate image bytes (same lesion),T2 - Trigeminal schwannoma 010
T2 - Trigeminal schwannoma 014,duplicate image bytes (same lesion),T2 - Trigeminal schwannoma 001
"T2 - Trigeminal schwannoma cerebellopontine angle , trigeminal 014",duplicate image bytes (same lesion),"T2 - Trigeminal schwannoma cerebellopontine angle , trigeminal 013"
"T2 - Trigeminal schwannoma cerebellopontine angle , trigeminal 015",duplicate image bytes (same lesion),"T2 - Trigeminal schwannoma cerebellopontine angle , trigeminal 016"
"T2 - Trigeminal schwannoma cerebellopontine angle , trigeminal 017",duplicate image bytes (same lesion),"T2 - Trigeminal schwannoma cerebellopontine angle , trigeminal 019"
"T2 - Trigeminal schwannoma cerebellopontine angle , trigeminal 018",duplicate image bytes (same lesion),"T2 - Trigeminal schwannoma cerebellopontine angle , trigeminal 019"
"T2 - Trigeminal schwannoma cerebellopontine angle , trigeminal 020",duplicate image bytes (same lesion),"T2 - Trigeminal schwannoma cerebellopontine angle , trigeminal 021"
"T2 - Trigeminal schwannoma cerebellopontine angle , trigeminal 022",duplicate image bytes (same lesion),"T2 - Trigeminal schwannoma cerebellopontine angle , trigeminal 021"
"T2 - Trigeminal schwannoma cerebellopontine angle , trigeminal 023",duplicate image bytes (same lesion),"T2 - Trigeminal schwannoma cerebellopontine angle , trigeminal 024"
"T2 - Trigeminal schwannoma middle cranial fossa , ventricle 010",duplicate image bytes (same lesion),"T2 - Trigeminal schwannoma middle cranial fossa , ventricle 009"
"T2 - Trigeminal schwannoma middle cranial fossa , ventricle 011",duplicate image bytes (same lesion),"T2 - Trigeminal schwannoma middle cranial fossa , ventricle 012"
"T2 - Trigeminal schwannoma trigeminal , cerebellopontine angle 170",duplicate image bytes (same lesion),"T2 - Trigeminal schwannoma trigeminal , cerebellopontine angle 169"
"T2 - Trigeminal schwannoma trigeminal , cerebellopontine angle 172",duplicate image bytes (same lesion),"T2 - Trigeminal schwannoma trigeminal , cerebellopontine angle 171"
"T2 - Trigeminal schwannoma trigeminal , cerebellopontine angle 174",duplicate image bytes (same lesion),"T2 - Trigeminal schwannoma trigeminal , cerebellopontine angle 173"
"T2 - Trigeminal schwannoma trigeminal , cerebellopontine angle 175",duplicate image bytes (same lesion),"T2 - Trigeminal schwannoma trigeminal , cerebellopontine angle 173"
"T2 - Trigeminal schwannoma trigeminal , cerebellopontine angle 176",duplicate image bytes (same lesion),"T2 - Trigeminal schwannoma trigeminal , cerebellopontine angle 177"
T2 - Trigeminal schwannoma ventricle 025,duplicate image bytes (same lesion),T2 - Trigeminal schwannoma ventricle 024
T2 - Trigeminal schwannoma ventricle 027,duplicate image bytes (same lesion),T2 - Trigeminal schwannoma ventricle 026
"T2 - Vestibular schwannoma and tectal plate lipoma cerebellopontine angle , intracanalicular 001",duplicate image bytes (same lesion),"T2 - Vestibular schwannoma and tectal plate lipoma cerebellopontine angle , intracanalicular 002"
"T2 - Vestibular schwannoma cerebellopontine angle , intracanalicular 001",duplicate image bytes (same lesion),"T2 - Vestibular schwannoma cerebellopontine angle , intracanalicular 002"
"T2 - Vestibular schwannoma cerebellopontine angle , ventricle 016",duplicate image bytes (same lesion),"T2 - Vestibular schwannoma cerebellopontine angle , ventricle 015"
"T2 - Vestibular schwannoma intracanalicular , brainstem 002",duplicate image bytes (same lesion),"T2 - Vestibular schwannoma intracanalicular , brainstem 001"
"T2 - Vestibular schwannoma ventricle , vestibular 001",duplicate image bytes (same lesion),"T2 - Vestibular schwannoma ventricle , vestibular 002"
"T1 - Ependymoma intraventricular , ventricle 002",duplicate image bytes (different lesion — ambiguous),
"T1 - Ependymoma intraventricular , ventricle 004",duplicate image bytes (different lesion — ambiguous),
"T1 - Ependymoma intraventricular , ventricle 006",duplicate image bytes (different lesion — ambiguous),
"T1 - Ependymoma intraventricular , ventricle 008",duplicate image bytes (different lesion — ambiguous),
"T1 - Ependymoma intraventricular , ventricle 012",duplicate image bytes (different lesion — ambiguous),
"T1 - Ependymoma intraventricular , ventricle 014",duplicate image bytes (different lesion — ambiguous),
"T1 - Ependymoma intraventricular , ventricle 016",duplicate image bytes (different lesion — ambiguous),
"T1 - Ependymoma intraventricular , ventricle 018",duplicate image bytes (different lesion — ambiguous),
"T1 - Ependymoma intraventricular , ventricle 020",duplicate image bytes (different lesion — ambiguous),
"T1 - Ependymoma intraventricular , ventricle 022",duplicate image bytes (different lesion — ambiguous),
"T1 - Ependymoma intraventricular , ventricle 024",duplicate image bytes (different lesion — ambiguous),
"T1 - Ependymoma intraventricular , ventricle 028",duplicate image bytes (different lesion — ambiguous),
"T1 - Ependymoma intraventricular , ventricle 030",duplicate image bytes (different lesion — ambiguous),
"T1 - Ependymoma intraventricular , ventricle 032",duplicate image bytes (different lesion — ambiguous),
"T1 - Ependymoma intraventricular , ventricle 034",duplicate image bytes (different lesion — ambiguous),
"T1 - Ependymoma intraventricular , ventricle 036",duplicate image bytes (different lesion — ambiguous),
"T1 - Ependymoma intraventricular , ventricle 038",duplicate image bytes (different lesion — ambiguous),
"T1 - Ependymoma intraventricular , ventricle 040",duplicate image bytes (different lesion — ambiguous),
"T1 - Ependymoma intraventricular , ventricle 042",duplicate image bytes (different lesion — ambiguous),
"T1 - Ependymoma intraventricular , ventricle 044",duplicate image bytes (different lesion — ambiguous),
"T1 - Ependymoma intraventricular , ventricle 045",duplicate image bytes (different lesion — ambiguous),
T1 - Glioblastoma 001,duplicate image bytes (different lesion — ambiguous),
T1 - Glioblastoma 002,duplicate image bytes (different lesion — ambiguous),
T1 - Glioblastoma 003,duplicate image bytes (different lesion — ambiguous),
T1 - Glioblastoma 004,duplicate image bytes (different lesion — ambiguous),
T1 - Glioblastoma 005,duplicate image bytes (different lesion — ambiguous),
T1 - Glioblastoma 006,duplicate image bytes (different lesion — ambiguous),
T1 - Glioblastoma 007,duplicate image bytes (different lesion — ambiguous),
"T1 - Glioblastoma IDH wild-type frontal , ventricle 001",duplicate image bytes (different lesion — ambiguous),
"T1 - Glioblastoma IDH wild-type frontal , ventricle 005",duplicate image bytes (different lesion — ambiguous),
"T1 - Glioblastoma NOS frontal , ventricle 001",duplicate image bytes (different lesion — ambiguous),
"T1 - Glioblastoma NOS frontal , ventricle 005",duplicate image bytes (different lesion — ambiguous),
"T1 - Glioblastoma NOS parietal , ventricle 012",duplicate image bytes (different lesion — ambiguous),
"T1 - Glioblastoma NOS parietal , ventricle 013",duplicate image bytes (different lesion — ambiguous),
"T1 - Glioblastoma NOS parietal , ventricle 014",duplicate image bytes (different lesion — ambiguous),
"T1 - Glioblastoma NOS parietal , ventricle 015",duplicate image bytes (different lesion — ambiguous),
"T1 - Glioblastoma NOS parietal , ventricle 016",duplicate image bytes (different lesion — ambiguous),
"T1 - Glioblastoma NOS parietal , ventricle 017",duplicate image bytes (different lesion — ambiguous),
"T1 - Glioblastoma NOS parietal , ventricle 018",duplicate image bytes (different lesion — ambiguous),
T1 - Medulloblastoma 001,duplicate image bytes (different lesion — ambiguous),
T1 - Medulloblastoma 002,duplicate image bytes (different lesion — ambiguous),
T1 - Medulloblastoma 003,duplicate image bytes (different lesion — ambiguous),
T1 - Medulloblastoma 004,duplicate image bytes (different lesion — ambiguous),
T1 - Medulloblastoma 005,duplicate image bytes (different lesion — ambiguous),
T1 - Medulloblastoma 006,duplicate image bytes (different lesion — ambiguous),
T1 - Medulloblastoma 007,duplicate image bytes (different lesion — ambiguous),
T1 - Medulloblastoma 008,duplicate image bytes (different lesion — ambiguous),
T1 - Medulloblastoma 009,duplicate image bytes (different lesion — ambiguous),
T1 - Medulloblastoma 010,duplicate image bytes (different lesion — ambiguous),
T1 - Medulloblastoma 011,duplicate image bytes (different lesion — ambiguous),
"T1 - Medulloblastoma ventricle , supratentorial 017",duplicate image bytes (different lesion — ambiguous),
"T1 - Medulloblastoma ventricle , supratentorial 018",duplicate image bytes (different lesion — ambiguous),
"T1 - Medulloblastoma ventricle , supratentorial 019",duplicate image bytes (different lesion — ambiguous),
"T1 - Medulloblastoma ventricle , supratentorial 020",duplicate image bytes (different lesion — ambiguous),
"T1 - Medulloblastoma ventricle , supratentorial 021",duplicate image bytes (different lesion — ambiguous),
"T1 - Medulloblastoma ventricle , supratentorial 022",duplicate image bytes (different lesion — ambiguous),
"T1 - Medulloblastoma ventricle , supratentorial 023",duplicate image bytes (different lesion — ambiguous),
"T1 - Medulloblastoma ventricle , supratentorial 024",duplicate image bytes (different lesion — ambiguous),
"T1 - Medulloblastoma ventricle , supratentorial 025",duplicate image bytes (different lesion — ambiguous),
"T1 - Medulloblastoma ventricle , supratentorial 026",duplicate image bytes (different lesion — ambiguous),
"T1 - Medulloblastoma ventricle , supratentorial 027",duplicate image bytes (different lesion — ambiguous),
T1 - Posterior fossa ependymoma supratentorial 058,duplicate image bytes (different lesion — ambiguous),
T1 - Posterior fossa ependymoma supratentorial 059,duplicate image bytes (different lesion — ambiguous),
T1 - Posterior fossa ependymoma supratentorial 060,duplicate image bytes (different lesion — ambiguous),
T1 - Posterior fossa ependymoma supratentorial 061,duplicate image bytes (different lesion — ambiguous),
T1 - Posterior fossa ependymoma supratentorial 063,duplicate image bytes (different lesion — ambiguous),
T1 - Posterior fossa ependymoma supratentorial 064,duplicate image bytes (different lesion — ambiguous),
T1 - Posterior fossa ependymoma supratentorial 065,duplicate image bytes (different lesion — ambiguous),
T1 - Posterior fossa ependymoma supratentorial 066,duplicate image bytes (different lesion — ambiguous),
T1 - Posterior fossa ependymoma supratentorial 067,duplicate image bytes (different lesion — ambiguous),
T1 - Posterior fossa ependymoma supratentorial 068,duplicate image bytes (different lesion — ambiguous),
T1 - Posterior fossa ependymoma supratentorial 069,duplicate image bytes (different lesion — ambiguous),
T1 - Posterior fossa ependymoma supratentorial 071,duplicate image bytes (different lesion — ambiguous),
T1 - Posterior fossa ependymoma supratentorial 072,duplicate image bytes (different lesion — ambiguous),
T1 - Posterior fossa ependymoma supratentorial 073,duplicate image bytes (different lesion — ambiguous),
T1 - Posterior fossa ependymoma supratentorial 074,duplicate image bytes (different lesion — ambiguous),
T1 - Posterior fossa ependymoma supratentorial 075,duplicate image bytes (different lesion — ambiguous),
T1 - Posterior fossa ependymoma supratentorial 076,duplicate image bytes (different lesion — ambiguous),
T1 - Posterior fossa ependymoma supratentorial 077,duplicate image bytes (different lesion — ambiguous),
T1 - Posterior fossa ependymoma supratentorial 078,duplicate image bytes (different lesion — ambiguous),
T1 - Posterior fossa ependymoma supratentorial 079,duplicate image bytes (different lesion — ambiguous),
T1 - Posterior fossa ependymoma supratentorial 080,duplicate image bytes (different lesion — ambiguous),
"T1C+ - Angiomatous meningioma parafalcine , falx 022",duplicate image bytes (different lesion — ambiguous),
"T1C+ - Angiomatous meningioma parafalcine , falx 022 - Copia",duplicate image bytes (different lesion — ambiguous),
"T1C+ - Ependymoma posterior fossa , ventricle 055",duplicate image bytes (different lesion — ambiguous),
"T1C+ - Ependymoma posterior fossa , ventricle 056",duplicate image bytes (different lesion — ambiguous),
"T1C+ - Ependymoma posterior fossa , ventricle 057",duplicate image bytes (different lesion — ambiguous),
T1C+ - Glioblastoma 001,duplicate image bytes (different lesion — ambiguous),
T1C+ - Glioblastoma 002,duplicate image bytes (different lesion — ambiguous),
T1C+ - Glioblastoma 003,duplicate image bytes (different lesion — ambiguous),
T1C+ - Glioblastoma 004,duplicate image bytes (different lesion — ambiguous),
T1C+ - Glioblastoma 005,duplicate image bytes (different lesion — ambiguous),
T1C+ - Glioblastoma 006,duplicate image bytes (different lesion — ambiguous),
T1C+ - Glioblastoma 007,duplicate image bytes (different lesion — ambiguous),
"T1C+ - Glioblastoma IDH wild-type frontal , ventricle 001",duplicate image bytes (different lesion — ambiguous),
"T1C+ - Glioblastoma IDH wild-type frontal , ventricle 002",duplicate image bytes (different lesion — ambiguous),
"T1C+ - Glioblastoma IDH wild-type frontal , ventricle 003",duplicate image bytes (different lesion — ambiguous),
"T1C+ - Glioblastoma IDH wild-type frontal , ventricle 004",duplicate image bytes (different lesion — ambiguous),
"T1C+ - Glioblastoma IDH wild-type frontal , ventricle 005",duplicate image bytes (different lesion — ambiguous),
"T1C+ - Glioblastoma NOS frontal , ventricle 001",duplicate image bytes (different lesion — ambiguous),
"T1C+ - Glioblastoma NOS frontal , ventricle 002",duplicate image bytes (different lesion — ambiguous),
"T1C+ - Glioblastoma NOS frontal , ventricle 003",duplicate image bytes (different lesion — ambiguous),
"T1C+ - Glioblastoma NOS frontal , ventricle 004",duplicate image bytes (different lesion — ambiguous),
"T1C+ - Glioblastoma NOS frontal , ventricle 005",duplicate image bytes (different lesion — ambiguous),
"T1C+ - Glioblastoma NOS parietal , ventricle 014",duplicate image bytes (different lesion — ambiguous),
"T1C+ - Glioblastoma NOS parietal , ventricle 015",duplicate image bytes (different lesion — ambiguous),
"T1C+ - Glioblastoma NOS parietal , ventricle 016",duplicate image bytes (different lesion — ambiguous),
"T1C+ - Glioblastoma NOS parietal , ventricle 017",duplicate image bytes (different lesion — ambiguous),
"T1C+ - Glioblastoma NOS parietal , ventricle 018",duplicate image bytes (different lesion — ambiguous),
"T1C+ - Glioblastoma NOS parietal , ventricle 019",duplicate image bytes (different lesion — ambiguous),
"T1C+ - Glioblastoma NOS parietal , ventricle 020",duplicate image bytes (different lesion — ambiguous),
T1C+ - Medulloblastoma 004,duplicate image bytes (different lesion — ambiguous),
T1C+ - Medulloblastoma 005,duplicate image bytes (different lesion — ambiguous),
T1C+ - Medulloblastoma 006,duplicate image bytes (different lesion — ambiguous),
T1C+ - Medulloblastoma 007,duplicate image bytes (different lesion — ambiguous),
T1C+ - Medulloblastoma 008,duplicate image bytes (different lesion — ambiguous),
T1C+ - Medulloblastoma 009,duplicate image bytes (different lesion — ambiguous),
T1C+ - Medulloblastoma 010,duplicate image bytes (different lesion — ambiguous),
"T1C+ - Medulloblastoma ventricle , supratentorial 045",duplicate image bytes (different lesion — ambiguous),
"T1C+ - Medulloblastoma ventricle , supratentorial 046",duplicate image bytes (different lesion — ambiguous),
"T1C+ - Medulloblastoma ventricle , supratentorial 047",duplicate image bytes (different lesion — ambiguous),
"T1C+ - Medulloblastoma ventricle , supratentorial 048",duplicate image bytes (different lesion — ambiguous),
"T1C+ - Medulloblastoma ventricle , supratentorial 049",duplicate image bytes (different lesion — ambiguous),
"T1C+ - Medulloblastoma ventricle , supratentorial 050",duplicate image bytes (different lesion — ambiguous),
"T1C+ - Medulloblastoma ventricle , supratentorial 051",duplicate image bytes (different lesion — ambiguous),
T1C+ - Posterior fossa ependymoma ventricle 075,duplicate image bytes (different lesion — ambiguous),
T1C+ - Posterior fossa ependymoma ventricle 076,duplicate image bytes (different lesion — ambiguous),
T1C+ - Posterior fossa ependymoma ventricle 077,duplicate image bytes (different lesion — ambiguous),
"T2 - Ependymoma posterior fossa , ventricle 023",duplicate image bytes (different lesion — ambiguous),
"T2 - Ependymoma posterior fossa , ventricle 024",duplicate image bytes (different lesion — ambiguous),
"T2 - Ependymoma posterior fossa , ventricle 025",duplicate image bytes (different lesion — ambiguous),
"T2 - Ependymoma posterior fossa , ventricle 026",duplicate image bytes (different lesion — ambiguous),
T2 - Glioblastoma 002,duplicate image bytes (different lesion — ambiguous),
T2 - Glioblastoma 003,duplicate image bytes (different lesion — ambiguous),
T2 - Glioblastoma 004,duplicate image bytes (different lesion — ambiguous),
T2 - Glioblastoma 005,duplicate image bytes (different lesion — ambiguous),
"T2 - Glioblastoma IDH wild-type frontal , ventricle 001",duplicate image bytes (different lesion — ambiguous),
"T2 - Glioblastoma IDH wild-type frontal , ventricle 002",duplicate image bytes (different lesion — ambiguous),
"T2 - Glioblastoma IDH wild-type frontal , ventricle 003",duplicate image bytes (different lesion — ambiguous),
"T2 - Glioblastoma IDH wild-type frontal , ventricle 004",duplicate image bytes (different lesion — ambiguous),
"T2 - Glioblastoma NOS frontal , ventricle 001",duplicate image bytes (different lesion — ambiguous),
"T2 - Glioblastoma NOS frontal , ventricle 002",duplicate image bytes (different lesion — ambiguous),
"T2 - Glioblastoma NOS frontal , ventricle 004",duplicate image bytes (different lesion — ambiguous),
"T2 - Glioblastoma NOS frontal , ventricle 005",duplicate image bytes (different lesion — ambiguous),
"T2 - Glioblastoma NOS parietal , ventricle 012",duplicate image bytes (different lesion — ambiguous),
"T2 - Glioblastoma NOS parietal , ventricle 013",duplicate image bytes (different lesion — ambiguous),
"T2 - Glioblastoma NOS parietal , ventricle 014",duplicate image bytes (different lesion — ambiguous),
"T2 - Glioblastoma NOS parietal , ventricle 015",duplicate image bytes (different lesion — ambiguous),
T2 - Medulloblastoma 001,duplicate image bytes (different lesion — ambiguous),
T2 - Medulloblastoma 002,duplicate image bytes (different lesion — ambiguous),
T2 - Medulloblastoma 003,duplicate image bytes (different lesion — ambiguous),
T2 - Medulloblastoma 004,duplicate image bytes (different lesion — ambiguous),
T2 - Medulloblastoma 005,duplicate image bytes (different lesion — ambiguous),
T2 - Medulloblastoma 006,duplicate image bytes (different lesion — ambiguous),
T2 - Medulloblastoma 007,duplicate image bytes (different lesion — ambiguous),
T2 - Medulloblastoma 008,duplicate image bytes (different lesion — ambiguous),
T2 - Medulloblastoma 040,duplicate image bytes (different lesion — ambiguous),
T2 - Medulloblastoma 041,duplicate image bytes (different lesion — ambiguous),
T2 - Medulloblastoma 042,duplicate image bytes (different lesion — ambiguous),
T2 - Medulloblastoma 043,duplicate image bytes (different lesion — ambiguous),
T2 - Medulloblastoma 044,duplicate image bytes (different lesion — ambiguous),
"T2 - Medulloblastoma ventricle , supratentorial 028",duplicate image bytes (different lesion — ambiguous),
"T2 - Medulloblastoma ventricle , supratentorial 030",duplicate image bytes (different lesion — ambiguous),
"T2 - Medulloblastoma ventricle , supratentorial 031",duplicate image bytes (different lesion — ambiguous),
"T2 - Medulloblastoma ventricle , supratentorial 032",duplicate image bytes (different lesion — ambiguous),
"T2 - Medulloblastoma ventricle , supratentorial 033",duplicate image bytes (different lesion — ambiguous),
T2 - Posterior fossa ependymoma ventricle 083,duplicate image bytes (different lesion — ambiguous),
T2 - Posterior fossa ependymoma ventricle 084,duplicate image bytes (different lesion — ambiguous),
T2 - Posterior fossa ependymoma ventricle 085,duplicate image bytes (different lesion — ambiguous),
T2 - Posterior fossa ependymoma ventricle 086,duplicate image bytes (different lesion — ambiguous),
T2 - Posterior fossa ependymoma ventricle 087,duplicate image bytes (different lesion — ambiguous),
T2 - Posterior fossa ependymoma ventricle 088,duplicate image bytes (different lesion — ambiguous),
T2 - Posterior fossa ependymoma ventricle 089,duplicate image bytes (different lesion — ambiguous),
T1 - Diffuse astrocytoma NOS (protoplasmic) frontal 036,mask off anatomy (inside_frac < 0.9),
T1 - Diffuse astrocytoma NOS (protoplasmic) frontal 045,mask off anatomy (inside_frac < 0.9),
"T1 - Glioblastoma NOS parietal , occipital 001",mask off anatomy (inside_frac < 0.9),
"T1 - Glioblastoma NOS parietal , occipital 002",mask off anatomy (inside_frac < 0.9),
T1 - Meningioma frontal 222,mask off anatomy (inside_frac < 0.9),
T1 - Meningioma frontal 223,mask off anatomy (inside_frac < 0.9),
T1 - Meningioma frontal 226,mask off anatomy (inside_frac < 0.9),
T1 - Meningioma frontal 227,mask off anatomy (inside_frac < 0.9),
T1 - Meningioma frontal 228,mask off anatomy (inside_frac < 0.9),
T1 - Meningioma frontal 229,mask off anatomy (inside_frac < 0.9),
T1 - Meningioma frontal 230,mask off anatomy (inside_frac < 0.9),
T1 - Meningioma frontal 231,mask off anatomy (inside_frac < 0.9),
T1 - Meningioma frontal 232,mask off anatomy (inside_frac < 0.9),
T1 - Meningioma frontal 233,mask off anatomy (inside_frac < 0.9),
T1 - Meningioma frontal 234,mask off anatomy (inside_frac < 0.9),
T1 - Meningioma frontal 235,mask off anatomy (inside_frac < 0.9),
T1 - Meningioma frontal 236,mask off anatomy (inside_frac < 0.9),
T1 - Meningioma frontal 238,mask off anatomy (inside_frac < 0.9),
T1 - Meningioma frontal 240,mask off anatomy (inside_frac < 0.9),
T1 - Meningioma frontal 241,mask off anatomy (inside_frac < 0.9),
T1 - Meningioma frontal 242,mask off anatomy (inside_frac < 0.9),
T1 - Meningioma frontal 244,mask off anatomy (inside_frac < 0.9),
T1 - Meningioma frontal 245,mask off anatomy (inside_frac < 0.9),
T1 - Meningioma frontal 246,mask off anatomy (inside_frac < 0.9),
T1 - Meningioma frontal 247,mask off anatomy (inside_frac < 0.9),
T1 - Meningioma frontal 248,mask off anatomy (inside_frac < 0.9),
T1 - Meningioma frontal 249,mask off anatomy (inside_frac < 0.9),
T1 - Meningioma frontal 250,mask off anatomy (inside_frac < 0.9),
T1 - Meningioma frontal 254,mask off anatomy (inside_frac < 0.9),
"T2 - Posterior fossa ependymoma ventricle , supratentorial 009",mask off anatomy (inside_frac < 0.9),
